voltage_Calibrate,absJ_Calibrate,J_Calibrate,current_Calibrate,time_Calibrate,R Control,dR/dV,R Predict,,,,
0.00E+00,4.39E-04,4.39E-04,1.70E-09,0.00E+00,0.00E+00,0.00E+00,0.00E+00,,,,
5.00E-02,6.97E+00,6.97E+00,2.70E-05,7.70E-01,1.85E+03,3.70E+04,1.09E+02,,1850.933241,,
1.00E-01,1.39E+01,1.39E+01,5.40E-05,9.58E-01,1.85E+03,5.77E+01,2.18E+02,,1850.933241,,
1.50E-01,2.09E+01,2.09E+01,8.09E-05,1.15E+00,1.85E+03,2.34E+01,3.27E+02,,dI,,
2.00E-01,2.78E+01,2.78E+01,1.08E-04,1.72E+00,1.86E+03,4.32E+01,4.36E+02,,-0.00027063,4.59E-04,
2.50E-01,3.47E+01,3.47E+01,1.35E-04,1.91E+00,1.86E+03,1.58E+01,5.44E+02,,0.000188534,,
3.00E-01,4.17E+01,4.17E+01,1.62E-04,2.09E+00,1.86E+03,-3.40E+00,6.53E+02,,,,
3.50E-01,4.86E+01,4.86E+01,1.89E-04,2.28E+00,1.86E+03,-3.51E+00,7.62E+02,,dV,,
4.00E-01,2.30E+02,2.30E+02,8.93E-04,2.47E+00,4.48E+02,-2.82E+04,8.71E+02,,-0.5,8.50E-01,
4.50E-01,3.15E+02,3.15E+02,1.22E-03,3.04E+00,3.69E+02,-1.59E+03,9.80E+02,,3.50E-01,,
5.00E-01,3.67E+02,3.67E+02,1.43E-03,3.23E+00,3.51E+02,-3.54E+02,1.09E+03,,,,
5.00E-01,3.77E+02,3.77E+02,1.46E-03,3.42E+00,3.42E+02,0.00E+00,1.09E+03,,R,1.85E+03,
4.50E-01,3.44E+02,3.44E+02,1.33E-03,3.60E+00,3.37E+02,8.54E+01,9.80E+02,,,,
4.00E-01,3.08E+02,3.08E+02,1.20E-03,3.79E+00,3.34E+02,6.05E+01,8.71E+02,,R/dV,2.18E+03,
3.50E-01,4.86E+01,4.86E+01,1.89E-04,4.17E+00,1.86E+03,-3.04E+04,7.62E+02,,,,
3.00E-01,4.17E+01,4.17E+01,1.62E-04,4.36E+00,1.86E+03,-3.78E+00,6.53E+02,,Var S R,4.20E+05,
2.50E-01,3.47E+01,3.47E+01,1.35E-04,4.55E+00,1.86E+03,-3.97E+00,5.44E+02,,Var P R,4.19E+05,
2.00E-01,2.78E+01,2.78E+01,1.08E-04,4.74E+00,1.86E+03,1.56E+01,4.36E+02,,,,
1.50E-01,2.09E+01,2.09E+01,8.09E-05,5.12E+00,1.85E+03,4.25E+01,3.27E+02,,Var S pR,4.26E+05,
1.00E-01,1.39E+01,1.39E+01,5.40E-05,5.30E+00,1.85E+03,2.22E+01,2.18E+02,,Var P pR,4.26E+05,
5.00E-02,6.97E+00,6.97E+00,2.70E-05,5.49E+00,1.85E+03,5.65E+01,1.09E+02,,,,
0.00E+00,4.49E-04,4.49E-04,1.74E-09,6.07E+00,0.00E+00,3.70E+04,0.00E+00,,,,
-5.00E-02,6.93E+00,-6.93E+00,-2.69E-05,6.84E+00,1.86E+03,-3.72E+04,-1.09E+02,,,,
-1.00E-01,1.39E+01,-1.39E+01,-5.38E-05,7.03E+00,1.86E+03,5.05E+01,-2.18E+02,,,,
-1.50E-01,2.08E+01,-2.08E+01,-8.08E-05,7.21E+00,1.86E+03,1.30E+01,-3.27E+02,,,,
-2.00E-01,2.78E+01,-2.78E+01,-1.08E-04,7.79E+00,1.86E+03,-1.86E+01,-4.36E+02,,,,
-2.50E-01,3.47E+01,-3.47E+01,-1.35E-04,7.97E+00,1.86E+03,-4.90E+00,-5.44E+02,,,,
-3.00E-01,4.16E+01,-4.16E+01,-1.62E-04,8.16E+00,1.86E+03,1.65E+01,-6.53E+02,,,,
-3.50E-01,4.87E+01,-4.87E+01,-1.89E-04,8.35E+00,1.85E+03,7.34E+01,-7.62E+02,,,,
-4.00E-01,5.57E+01,-5.57E+01,-2.16E-04,8.54E+00,1.85E+03,5.93E+01,-8.71E+02,,,,
-4.50E-01,6.27E+01,-6.27E+01,-2.43E-04,8.73E+00,1.85E+03,3.70E+01,-9.80E+02,,,,
-5.00E-01,6.98E+01,-6.98E+01,-2.71E-04,8.91E+00,1.85E+03,3.08E+01,-1.09E+03,,,,
-5.00E-01,6.98E+01,-6.98E+01,-2.71E-04,9.10E+00,1.85E+03,0.00E+00,-1.09E+03,,,,
-4.50E-01,6.27E+01,-6.27E+01,-2.43E-04,9.29E+00,1.85E+03,3.09E+01,-9.80E+02,,,,
-4.00E-01,5.57E+01,-5.57E+01,-2.16E-04,9.48E+00,1.85E+03,3.70E+01,-8.71E+02,,,,
-3.50E-01,4.87E+01,-4.87E+01,-1.89E-04,9.67E+00,1.85E+03,5.90E+01,-7.62E+02,,,,
-3.00E-01,4.16E+01,-4.16E+01,-1.62E-04,9.85E+00,1.86E+03,7.34E+01,-6.53E+02,,,,
-2.50E-01,3.47E+01,-3.47E+01,-1.35E-04,1.00E+01,1.86E+03,1.84E+01,-5.44E+02,,,,
-2.00E-01,2.77E+01,-2.77E+01,-1.08E-04,1.02E+01,1.86E+03,-4.54E+00,-4.36E+02,,,,
-1.50E-01,2.08E+01,-2.08E+01,-8.08E-05,1.06E+01,1.86E+03,-1.86E+01,-3.27E+02,,,,
-1.00E-01,1.39E+01,-1.39E+01,-5.38E-05,1.08E+01,1.86E+03,1.32E+01,-2.18E+02,,,,
-5.00E-02,6.93E+00,-6.93E+00,-2.69E-05,1.10E+01,1.86E+03,5.23E+01,-1.09E+02,,,,
0.00E+00,4.76E-04,4.76E-04,1.85E-09,1.16E+01,0.00E+00,-3.72E+04,0.00E+00,,,,
0.00E+00,3.05E-04,3.05E-04,1.18E-09,1.18E+01,0.00E+00,0.00E+00,0.00E+00,,,,
5.00E-02,6.97E+00,6.97E+00,2.70E-05,1.25E+01,1.85E+03,3.70E+04,1.09E+02,,,,
1.00E-01,1.39E+01,1.39E+01,5.40E-05,1.27E+01,1.85E+03,5.70E+01,2.18E+02,,,,
1.50E-01,2.09E+01,2.09E+01,8.09E-05,1.29E+01,1.85E+03,2.43E+01,3.27E+02,,,,
2.00E-01,2.78E+01,2.78E+01,1.08E-04,1.35E+01,1.86E+03,4.25E+01,4.36E+02,,,,
2.50E-01,3.47E+01,3.47E+01,1.35E-04,1.37E+01,1.86E+03,1.58E+01,5.44E+02,,,,
3.00E-01,4.17E+01,4.17E+01,1.62E-04,1.38E+01,1.86E+03,-3.04E+00,6.53E+02,,,,
3.50E-01,4.86E+01,4.86E+01,1.89E-04,1.40E+01,1.86E+03,-4.42E+00,7.62E+02,,,,
4.00E-01,3.46E+02,3.46E+02,1.34E-03,1.46E+01,2.98E+02,-3.12E+04,8.71E+02,,,,
4.50E-01,4.00E+02,4.00E+02,1.55E-03,1.48E+01,2.90E+02,-1.55E+02,9.80E+02,,,,
5.00E-01,4.52E+02,4.52E+02,1.75E-03,1.50E+01,2.85E+02,-9.80E+01,1.09E+03,,,,
5.00E-01,4.60E+02,4.60E+02,1.78E-03,1.52E+01,2.80E+02,0.00E+00,1.09E+03,,,,
4.50E-01,4.24E+02,4.24E+02,1.64E-03,1.54E+01,2.74E+02,1.30E+02,9.80E+02,,,,
4.00E-01,3.86E+02,3.86E+02,1.50E-03,1.55E+01,2.67E+02,1.25E+02,8.71E+02,,,,
3.50E-01,4.86E+01,4.86E+01,1.89E-04,1.59E+01,1.86E+03,-3.18E+04,7.62E+02,,,,
3.00E-01,4.17E+01,4.17E+01,1.62E-04,1.61E+01,1.86E+03,-4.58E+00,6.53E+02,,,,
2.50E-01,3.47E+01,3.47E+01,1.35E-04,1.63E+01,1.86E+03,-3.57E+00,5.44E+02,,,,
2.00E-01,2.78E+01,2.78E+01,1.08E-04,1.65E+01,1.86E+03,1.55E+01,4.36E+02,,,,
1.50E-01,2.09E+01,2.09E+01,8.09E-05,1.69E+01,1.85E+03,4.20E+01,3.27E+02,,,,
1.00E-01,1.39E+01,1.39E+01,5.40E-05,1.71E+01,1.85E+03,2.24E+01,2.18E+02,,,,
5.00E-02,6.97E+00,6.97E+00,2.70E-05,1.72E+01,1.85E+03,5.65E+01,1.09E+02,,,,
0.00E+00,5.02E-04,5.02E-04,1.95E-09,1.78E+01,0.00E+00,3.70E+04,0.00E+00,,,,
-5.00E-02,6.93E+00,-6.93E+00,-2.69E-05,1.86E+01,1.86E+03,-3.72E+04,-1.09E+02,,,,
-1.00E-01,1.39E+01,-1.39E+01,-5.38E-05,1.88E+01,1.86E+03,5.18E+01,-2.18E+02,,,,
-1.50E-01,2.08E+01,-2.08E+01,-8.08E-05,1.90E+01,1.86E+03,1.22E+01,-3.27E+02,,,,
-2.00E-01,2.77E+01,-2.77E+01,-1.08E-04,1.95E+01,1.86E+03,-1.95E+01,-4.36E+02,,,,
-2.50E-01,3.47E+01,-3.47E+01,-1.34E-04,1.97E+01,1.86E+03,-4.97E+00,-5.44E+02,,,,
-3.00E-01,4.16E+01,-4.16E+01,-1.61E-04,1.99E+01,1.86E+03,1.95E+01,-6.53E+02,,,,
-3.50E-01,4.87E+01,-4.87E+01,-1.89E-04,2.01E+01,1.85E+03,7.38E+01,-7.62E+02,,,,
-4.00E-01,5.57E+01,-5.57E+01,-2.16E-04,2.03E+01,1.85E+03,5.94E+01,-8.71E+02,,,,
-4.50E-01,6.27E+01,-6.27E+01,-2.43E-04,2.05E+01,1.85E+03,3.69E+01,-9.80E+02,,,,
-5.00E-01,6.98E+01,-6.98E+01,-2.71E-04,2.07E+01,1.85E+03,3.09E+01,-1.09E+03,,,,
-5.00E-01,6.98E+01,-6.98E+01,-2.71E-04,2.09E+01,1.85E+03,0.00E+00,-1.09E+03,,,,
-4.50E-01,6.27E+01,-6.27E+01,-2.43E-04,2.10E+01,1.85E+03,3.10E+01,-9.80E+02,,,,
-4.00E-01,5.57E+01,-5.57E+01,-2.16E-04,2.12E+01,1.85E+03,3.70E+01,-8.71E+02,,,,
-3.50E-01,4.87E+01,-4.87E+01,-1.89E-04,2.14E+01,1.85E+03,5.92E+01,-7.62E+02,,,,
-3.00E-01,4.16E+01,-4.16E+01,-1.61E-04,2.16E+01,1.86E+03,7.39E+01,-6.53E+02,,,,
-2.50E-01,3.47E+01,-3.47E+01,-1.34E-04,2.18E+01,1.86E+03,2.05E+01,-5.44E+02,,,,
-2.00E-01,2.77E+01,-2.77E+01,-1.08E-04,2.20E+01,1.86E+03,-5.03E+00,-4.36E+02,,,,
-1.50E-01,2.08E+01,-2.08E+01,-8.07E-05,2.24E+01,1.86E+03,-1.83E+01,-3.27E+02,,,,
-1.00E-01,1.39E+01,-1.39E+01,-5.38E-05,2.25E+01,1.86E+03,1.37E+01,-2.18E+02,,,,
-5.00E-02,6.93E+00,-6.93E+00,-2.69E-05,2.27E+01,1.86E+03,5.51E+01,-1.09E+02,,,,
0.00E+00,4.53E-04,4.53E-04,1.76E-09,2.33E+01,0.00E+00,-3.72E+04,0.00E+00,,,,
0.00E+00,3.28E-04,3.28E-04,1.27E-09,2.35E+01,0.00E+00,0.00E+00,0.00E+00,,,,
5.00E-02,6.97E+00,6.97E+00,2.70E-05,2.43E+01,1.85E+03,3.70E+04,1.09E+02,,,,
1.00E-01,1.39E+01,1.39E+01,5.40E-05,2.45E+01,1.85E+03,5.91E+01,2.18E+02,,,,
1.50E-01,2.09E+01,2.09E+01,8.09E-05,2.46E+01,1.85E+03,2.38E+01,3.27E+02,,,,
2.00E-01,2.78E+01,2.78E+01,1.08E-04,2.52E+01,1.86E+03,4.22E+01,4.36E+02,,,,
2.50E-01,3.47E+01,3.47E+01,1.35E-04,2.54E+01,1.86E+03,1.59E+01,5.44E+02,,,,
3.00E-01,4.17E+01,4.17E+01,1.62E-04,2.56E+01,1.86E+03,-3.20E+00,6.53E+02,,,,
3.50E-01,4.86E+01,4.86E+01,1.89E-04,2.58E+01,1.86E+03,-3.74E+00,7.62E+02,,,,
4.00E-01,3.84E+02,3.84E+02,1.49E-03,2.64E+01,2.69E+02,-3.18E+04,8.71E+02,,,,
4.50E-01,4.38E+02,4.38E+02,1.70E-03,2.65E+01,2.65E+02,-7.22E+01,9.80E+02,,,,
5.00E-01,4.90E+02,4.90E+02,1.90E-03,2.67E+01,2.63E+02,-3.76E+01,1.09E+03,,,,
5.00E-01,4.98E+02,4.98E+02,1.93E-03,2.69E+01,2.59E+02,0.00E+00,1.09E+03,,,,
4.50E-01,4.61E+02,4.61E+02,1.79E-03,2.71E+01,2.52E+02,1.45E+02,9.80E+02,,,,
4.00E-01,4.22E+02,4.22E+02,1.64E-03,2.73E+01,2.44E+02,1.46E+02,8.71E+02,,,,
3.50E-01,4.86E+01,4.86E+01,1.89E-04,2.77E+01,1.86E+03,-3.22E+04,7.62E+02,,,,
3.00E-01,4.17E+01,4.17E+01,1.62E-04,2.79E+01,1.86E+03,-4.24E+00,6.53E+02,,,,
2.50E-01,3.47E+01,3.47E+01,1.35E-04,2.80E+01,1.86E+03,-3.45E+00,5.44E+02,,,,
2.00E-01,2.78E+01,2.78E+01,1.08E-04,2.82E+01,1.86E+03,1.57E+01,4.36E+02,,,,
1.50E-01,2.09E+01,2.09E+01,8.09E-05,2.86E+01,1.85E+03,4.18E+01,3.27E+02,,,,
1.00E-01,1.39E+01,1.39E+01,5.40E-05,2.88E+01,1.85E+03,2.31E+01,2.18E+02,,,,
5.00E-02,6.97E+00,6.97E+00,2.70E-05,2.90E+01,1.85E+03,5.65E+01,1.09E+02,,,,
0.00E+00,5.19E-04,5.19E-04,2.01E-09,2.96E+01,0.00E+00,3.70E+04,0.00E+00,,,,
-5.00E-02,6.93E+00,-6.93E+00,-2.69E-05,3.03E+01,1.86E+03,-3.72E+04,-1.09E+02,,,,
-1.00E-01,1.39E+01,-1.39E+01,-5.38E-05,3.05E+01,1.86E+03,5.40E+01,-2.18E+02,,,,
-1.50E-01,2.08E+01,-2.08E+01,-8.07E-05,3.07E+01,1.86E+03,1.22E+01,-3.27E+02,,,,
-2.00E-01,2.77E+01,-2.77E+01,-1.08E-04,3.13E+01,1.86E+03,-1.90E+01,-4.36E+02,,,,
-2.50E-01,3.47E+01,-3.47E+01,-1.34E-04,3.15E+01,1.86E+03,-5.04E+00,-5.44E+02,,,,
-3.00E-01,4.16E+01,-4.16E+01,-1.61E-04,3.17E+01,1.86E+03,2.06E+01,-6.53E+02,,,,
-3.50E-01,4.87E+01,-4.87E+01,-1.89E-04,3.18E+01,1.85E+03,7.40E+01,-7.62E+02,,,,
-4.00E-01,5.57E+01,-5.57E+01,-2.16E-04,3.20E+01,1.85E+03,5.95E+01,-8.71E+02,,,,
-4.50E-01,6.27E+01,-6.27E+01,-2.43E-04,3.22E+01,1.85E+03,3.71E+01,-9.80E+02,,,,
-5.00E-01,6.98E+01,-6.98E+01,-2.71E-04,3.24E+01,1.85E+03,3.07E+01,-1.09E+03,,,,
-5.00E-01,6.98E+01,-6.98E+01,-2.71E-04,3.26E+01,1.85E+03,0.00E+00,-1.09E+03,,,,
-4.50E-01,6.27E+01,-6.27E+01,-2.43E-04,3.28E+01,1.85E+03,3.10E+01,-9.80E+02,,,,
-4.00E-01,5.57E+01,-5.57E+01,-2.16E-04,3.30E+01,1.85E+03,3.69E+01,-8.71E+02,,,,
-3.50E-01,4.87E+01,-4.87E+01,-1.89E-04,3.32E+01,1.85E+03,5.94E+01,-7.62E+02,,,,
-3.00E-01,4.16E+01,-4.16E+01,-1.61E-04,3.34E+01,1.86E+03,7.38E+01,-6.53E+02,,,,
-2.50E-01,3.47E+01,-3.47E+01,-1.34E-04,3.35E+01,1.86E+03,2.15E+01,-5.44E+02,,,,
-2.00E-01,2.77E+01,-2.77E+01,-1.08E-04,3.37E+01,1.86E+03,-4.73E+00,-4.36E+02,,,,
-1.50E-01,2.08E+01,-2.08E+01,-8.07E-05,3.41E+01,1.86E+03,-1.80E+01,-3.27E+02,,,,
-1.00E-01,1.39E+01,-1.39E+01,-5.38E-05,3.43E+01,1.86E+03,1.35E+01,-2.18E+02,,,,
-5.00E-02,6.93E+00,-6.93E+00,-2.69E-05,3.45E+01,1.86E+03,5.32E+01,-1.09E+02,,,,
0.00E+00,4.38E-04,4.38E-04,1.70E-09,3.51E+01,0.00E+00,-3.72E+04,0.00E+00,,,,
0.00E+00,3.46E-04,3.46E-04,1.34E-09,3.53E+01,0.00E+00,0.00E+00,0.00E+00,,,,
5.00E-02,6.97E+00,6.97E+00,2.70E-05,3.60E+01,1.85E+03,3.70E+04,1.09E+02,,,,
1.00E-01,1.39E+01,1.39E+01,5.40E-05,3.62E+01,1.85E+03,5.73E+01,2.18E+02,,,,
1.50E-01,2.09E+01,2.09E+01,8.09E-05,3.64E+01,1.85E+03,2.40E+01,3.27E+02,,,,
2.00E-01,2.78E+01,2.78E+01,1.08E-04,3.70E+01,1.86E+03,4.28E+01,4.36E+02,,,,
2.50E-01,3.47E+01,3.47E+01,1.35E-04,3.72E+01,1.86E+03,1.55E+01,5.44E+02,,,,
3.00E-01,4.17E+01,4.17E+01,1.62E-04,3.73E+01,1.86E+03,-3.09E+00,6.53E+02,,,,
3.50E-01,4.86E+01,4.86E+01,1.88E-04,3.75E+01,1.86E+03,-4.02E+00,7.62E+02,,,,
4.00E-01,4.08E+02,4.08E+02,1.58E-03,3.81E+01,2.53E+02,-3.21E+04,8.71E+02,,,,
4.50E-01,4.62E+02,4.62E+02,1.79E-03,3.83E+01,2.51E+02,-3.35E+01,9.80E+02,,,,
5.00E-01,5.14E+02,5.14E+02,1.99E-03,3.85E+01,2.51E+02,-8.60E+00,1.09E+03,,,,
5.00E-01,5.22E+02,5.22E+02,2.02E-03,3.87E+01,2.47E+02,0.00E+00,1.09E+03,,,,
4.50E-01,4.85E+02,4.85E+02,1.88E-03,3.89E+01,2.39E+02,1.52E+02,9.80E+02,,,,
4.00E-01,4.45E+02,4.45E+02,1.73E-03,3.90E+01,2.32E+02,1.55E+02,8.71E+02,,,,
3.50E-01,4.86E+01,4.86E+01,1.88E-04,3.94E+01,1.86E+03,-3.25E+04,7.62E+02,,,,
3.00E-01,4.16E+01,4.16E+01,1.62E-04,3.96E+01,1.86E+03,-4.24E+00,6.53E+02,,,,
2.50E-01,3.47E+01,3.47E+01,1.35E-04,3.98E+01,1.86E+03,-3.48E+00,5.44E+02,,,,
2.00E-01,2.78E+01,2.78E+01,1.08E-04,4.00E+01,1.86E+03,1.52E+01,4.36E+02,,,,
1.50E-01,2.09E+01,2.09E+01,8.09E-05,4.04E+01,1.85E+03,4.24E+01,3.27E+02,,,,
1.00E-01,1.39E+01,1.39E+01,5.40E-05,4.06E+01,1.85E+03,2.36E+01,2.18E+02,,,,
5.00E-02,6.97E+00,6.97E+00,2.70E-05,4.07E+01,1.85E+03,5.63E+01,1.09E+02,,,,
0.00E+00,5.28E-04,5.28E-04,2.05E-09,4.13E+01,0.00E+00,3.70E+04,0.00E+00,,,,
-5.00E-02,6.93E+00,-6.93E+00,-2.69E-05,4.21E+01,1.86E+03,-3.72E+04,-1.09E+02,,,,
-1.00E-01,1.39E+01,-1.39E+01,-5.38E-05,4.23E+01,1.86E+03,5.19E+01,-2.18E+02,,,,
-1.50E-01,2.08E+01,-2.08E+01,-8.07E-05,4.25E+01,1.86E+03,1.26E+01,-3.27E+02,,,,
-2.00E-01,2.77E+01,-2.77E+01,-1.08E-04,4.30E+01,1.86E+03,-1.80E+01,-4.36E+02,,,,
-2.50E-01,3.47E+01,-3.47E+01,-1.34E-04,4.32E+01,1.86E+03,-5.67E+00,-5.44E+02,,,,
-3.00E-01,4.16E+01,-4.16E+01,-1.61E-04,4.34E+01,1.86E+03,2.12E+01,-6.53E+02,,,,
-3.50E-01,4.87E+01,-4.87E+01,-1.89E-04,4.36E+01,1.85E+03,7.39E+01,-7.62E+02,,,,
-4.00E-01,5.57E+01,-5.57E+01,-2.16E-04,4.38E+01,1.85E+03,5.92E+01,-8.71E+02,,,,
-4.50E-01,6.27E+01,-6.27E+01,-2.43E-04,4.40E+01,1.85E+03,3.69E+01,-9.80E+02,,,,
-5.00E-01,6.98E+01,-6.98E+01,-2.71E-04,4.42E+01,1.85E+03,3.10E+01,-1.09E+03,,,,
-5.00E-01,6.98E+01,-6.98E+01,-2.71E-04,4.44E+01,1.85E+03,0.00E+00,-1.09E+03,,,,
-4.50E-01,6.27E+01,-6.27E+01,-2.43E-04,4.45E+01,1.85E+03,3.06E+01,-9.80E+02,,,,
-4.00E-01,5.57E+01,-5.57E+01,-2.16E-04,4.47E+01,1.85E+03,3.70E+01,-8.71E+02,,,,
-3.50E-01,4.87E+01,-4.87E+01,-1.89E-04,4.49E+01,1.85E+03,5.94E+01,-7.62E+02,,,,
-3.00E-01,4.16E+01,-4.16E+01,-1.61E-04,4.51E+01,1.86E+03,7.39E+01,-6.53E+02,,,,
-2.50E-01,3.47E+01,-3.47E+01,-1.34E-04,4.53E+01,1.86E+03,2.19E+01,-5.44E+02,,,,
-2.00E-01,2.77E+01,-2.77E+01,-1.08E-04,4.55E+01,1.86E+03,-5.11E+00,-4.36E+02,,,,
-1.50E-01,2.08E+01,-2.08E+01,-8.07E-05,4.59E+01,1.86E+03,-1.81E+01,-3.27E+02,,,,
-1.00E-01,1.39E+01,-1.39E+01,-5.38E-05,4.60E+01,1.86E+03,1.35E+01,-2.18E+02,,,,
-5.00E-02,6.93E+00,-6.93E+00,-2.69E-05,4.62E+01,1.86E+03,5.39E+01,-1.09E+02,,,,
0.00E+00,4.04E-04,4.04E-04,1.57E-09,4.68E+01,0.00E+00,-3.72E+04,0.00E+00,,,,
0.00E+00,3.71E-04,3.71E-04,1.44E-09,4.70E+01,0.00E+00,0.00E+00,0.00E+00,,,,
5.00E-02,6.97E+00,6.97E+00,2.70E-05,4.78E+01,1.85E+03,3.70E+04,1.09E+02,,,,
1.00E-01,1.39E+01,1.39E+01,5.40E-05,4.80E+01,1.85E+03,5.90E+01,2.18E+02,,,,
1.50E-01,2.09E+01,2.09E+01,8.09E-05,4.81E+01,1.85E+03,2.37E+01,3.27E+02,,,,
2.00E-01,2.78E+01,2.78E+01,1.08E-04,4.87E+01,1.86E+03,4.28E+01,4.36E+02,,,,
2.50E-01,3.47E+01,3.47E+01,1.35E-04,4.89E+01,1.86E+03,1.56E+01,5.44E+02,,,,
3.00E-01,4.16E+01,4.16E+01,1.62E-04,4.91E+01,1.86E+03,-3.10E+00,6.53E+02,,,,
3.50E-01,4.86E+01,4.86E+01,1.88E-04,4.93E+01,1.86E+03,-3.85E+00,7.62E+02,,,,
4.00E-01,4.24E+02,4.24E+02,1.65E-03,4.99E+01,2.43E+02,-3.23E+04,8.71E+02,,,,
4.50E-01,4.79E+02,4.79E+02,1.86E-03,5.00E+01,2.42E+02,-1.17E+01,9.80E+02,,,,
5.00E-01,5.31E+02,5.31E+02,2.06E-03,5.02E+01,2.43E+02,7.99E+00,1.09E+03,,,,
5.00E-01,5.38E+02,5.38E+02,2.09E-03,5.04E+01,2.39E+02,0.00E+00,1.09E+03,,,,
4.50E-01,5.01E+02,5.01E+02,1.94E-03,5.06E+01,2.32E+02,1.56E+02,9.80E+02,,,,
4.00E-01,4.61E+02,4.61E+02,1.79E-03,5.08E+01,2.24E+02,1.61E+02,8.71E+02,,,,
3.50E-01,4.86E+01,4.86E+01,1.88E-04,5.12E+01,1.86E+03,-3.27E+04,7.62E+02,,,,
3.00E-01,4.16E+01,4.16E+01,1.62E-04,5.14E+01,1.86E+03,-4.04E+00,6.53E+02,,,,
2.50E-01,3.47E+01,3.47E+01,1.35E-04,5.15E+01,1.86E+03,-3.59E+00,5.44E+02,,,,
2.00E-01,2.78E+01,2.78E+01,1.08E-04,5.17E+01,1.86E+03,1.57E+01,4.36E+02,,,,
1.50E-01,2.09E+01,2.09E+01,8.09E-05,5.21E+01,1.85E+03,4.14E+01,3.27E+02,,,,
1.00E-01,1.39E+01,1.39E+01,5.40E-05,5.23E+01,1.85E+03,2.34E+01,2.18E+02,,,,
5.00E-02,6.97E+00,6.97E+00,2.70E-05,5.25E+01,1.85E+03,5.57E+01,1.09E+02,,,,
0.00E+00,5.31E-04,5.31E-04,2.06E-09,5.31E+01,0.00E+00,3.70E+04,0.00E+00,,,,
-5.00E-02,6.93E+00,-6.93E+00,-2.69E-05,5.38E+01,1.86E+03,-3.72E+04,-1.09E+02,,,,
-1.00E-01,1.39E+01,-1.39E+01,-5.38E-05,5.40E+01,1.86E+03,5.18E+01,-2.18E+02,,,,
-1.50E-01,2.08E+01,-2.08E+01,-8.07E-05,5.42E+01,1.86E+03,1.25E+01,-3.27E+02,,,,
-2.00E-01,2.77E+01,-2.77E+01,-1.08E-04,5.48E+01,1.86E+03,-1.93E+01,-4.36E+02,,,,
-2.50E-01,3.47E+01,-3.47E+01,-1.34E-04,5.50E+01,1.86E+03,-4.73E+00,-5.44E+02,,,,
-3.00E-01,4.16E+01,-4.16E+01,-1.61E-04,5.52E+01,1.86E+03,2.19E+01,-6.53E+02,,,,
-3.50E-01,4.87E+01,-4.87E+01,-1.89E-04,5.54E+01,1.85E+03,7.39E+01,-7.62E+02,,,,
-4.00E-01,5.57E+01,-5.57E+01,-2.16E-04,5.55E+01,1.85E+03,5.96E+01,-8.71E+02,,,,
-4.50E-01,6.27E+01,-6.27E+01,-2.43E-04,5.57E+01,1.85E+03,3.69E+01,-9.80E+02,,,,
-5.00E-01,6.98E+01,-6.98E+01,-2.71E-04,5.59E+01,1.85E+03,3.11E+01,-1.09E+03,,,,
-5.00E-01,6.98E+01,-6.98E+01,-2.71E-04,5.61E+01,1.85E+03,0.00E+00,-1.09E+03,,,,
-4.50E-01,6.27E+01,-6.27E+01,-2.43E-04,5.63E+01,1.85E+03,3.10E+01,-9.80E+02,,,,
-4.00E-01,5.57E+01,-5.57E+01,-2.16E-04,5.65E+01,1.85E+03,3.68E+01,-8.71E+02,,,,
-3.50E-01,4.87E+01,-4.87E+01,-1.89E-04,5.67E+01,1.85E+03,5.92E+01,-7.62E+02,,,,
-3.00E-01,4.16E+01,-4.16E+01,-1.61E-04,5.69E+01,1.86E+03,7.46E+01,-6.53E+02,,,,
-2.50E-01,3.47E+01,-3.47E+01,-1.34E-04,5.70E+01,1.86E+03,2.29E+01,-5.44E+02,,,,
-2.00E-01,2.77E+01,-2.77E+01,-1.08E-04,5.72E+01,1.86E+03,-4.68E+00,-4.36E+02,,,,
-1.50E-01,2.08E+01,-2.08E+01,-8.07E-05,5.76E+01,1.86E+03,-1.80E+01,-3.27E+02,,,,
-1.00E-01,1.39E+01,-1.39E+01,-5.38E-05,5.78E+01,1.86E+03,1.34E+01,-2.18E+02,,,,
-5.00E-02,6.92E+00,-6.92E+00,-2.69E-05,5.80E+01,1.86E+03,5.51E+01,-1.09E+02,,,,
0.00E+00,4.03E-04,4.03E-04,1.56E-09,5.86E+01,0.00E+00,-3.72E+04,0.00E+00,,,,
0.00E+00,3.59E-04,3.59E-04,1.39E-09,0.00E+00,0.00E+00,#DIV/0!,0.00E+00,,,,
5.00E-02,6.96E+00,6.96E+00,2.70E-05,7.70E-01,1.85E+03,3.70E+04,1.09E+02,,,,
1.00E-01,1.39E+01,1.39E+01,5.40E-05,9.57E-01,1.85E+03,3.51E+01,2.18E+02,,,,
1.50E-01,2.09E+01,2.09E+01,8.09E-05,1.15E+00,1.85E+03,1.42E+01,3.27E+02,,,,
2.00E-01,2.78E+01,2.78E+01,1.08E-04,1.72E+00,1.86E+03,3.73E+01,4.36E+02,,,,
2.50E-01,3.47E+01,3.47E+01,1.35E-04,1.90E+00,1.86E+03,1.27E+01,5.44E+02,,,,
3.00E-01,4.17E+01,4.17E+01,1.62E-04,2.09E+00,1.86E+03,-3.83E+00,6.53E+02,,,,
3.50E-01,4.86E+01,4.86E+01,1.89E-04,2.28E+00,1.86E+03,-3.72E+00,7.62E+02,,,,
4.00E-01,5.56E+01,5.56E+01,2.16E-04,2.47E+00,1.86E+03,-4.44E+00,8.71E+02,,,,
4.50E-01,1.67E+02,1.67E+02,6.48E-04,2.66E+00,6.94E+02,-2.32E+04,9.80E+02,,,,
5.00E-01,2.21E+02,2.21E+02,8.59E-04,2.84E+00,5.82E+02,-2.24E+03,1.09E+03,,,,
5.00E-01,2.36E+02,2.36E+02,9.15E-04,3.03E+00,5.46E+02,0.00E+00,1.09E+03,,,,
4.50E-01,2.08E+02,2.08E+02,8.08E-04,3.22E+00,5.57E+02,-2.08E+02,9.80E+02,,,,
4.00E-01,5.56E+01,5.56E+01,2.16E-04,3.41E+00,1.86E+03,-2.60E+04,8.71E+02,,,,
3.50E-01,4.86E+01,4.86E+01,1.89E-04,3.60E+00,1.86E+03,-5.18E+00,7.62E+02,,,,
3.00E-01,4.17E+01,4.17E+01,1.62E-04,3.79E+00,1.86E+03,-3.76E+00,6.53E+02,,,,
2.50E-01,3.47E+01,3.47E+01,1.35E-04,3.97E+00,1.86E+03,-3.67E+00,5.44E+02,,,,
2.00E-01,2.78E+01,2.78E+01,1.08E-04,4.16E+00,1.86E+03,1.25E+01,4.36E+02,,,,
1.50E-01,2.09E+01,2.09E+01,8.09E-05,4.54E+00,1.85E+03,3.67E+01,3.27E+02,,,,
1.00E-01,1.39E+01,1.39E+01,5.40E-05,4.73E+00,1.85E+03,1.44E+01,2.18E+02,,,,
5.00E-02,6.96E+00,6.96E+00,2.70E-05,4.92E+00,1.85E+03,3.22E+01,1.09E+02,,,,
0.00E+00,3.16E-04,3.16E-04,1.22E-09,5.49E+00,0.00E+00,3.70E+04,0.00E+00,,,,
-5.00E-02,6.94E+00,-6.94E+00,-2.69E-05,6.26E+00,1.86E+03,-3.72E+04,-1.09E+02,,,,
-1.00E-01,1.39E+01,-1.39E+01,-5.39E-05,6.45E+00,1.86E+03,3.28E+01,-2.18E+02,,,,
-1.50E-01,2.08E+01,-2.08E+01,-8.08E-05,6.64E+00,1.86E+03,7.35E+00,-3.27E+02,,,,
-2.00E-01,2.78E+01,-2.78E+01,-1.08E-04,7.21E+00,1.86E+03,-2.05E+01,-4.36E+02,,,,
-2.50E-01,3.47E+01,-3.47E+01,-1.35E-04,7.40E+00,1.86E+03,-6.39E+00,-5.44E+02,,,,
-3.00E-01,4.17E+01,-4.17E+01,-1.62E-04,7.59E+00,1.86E+03,7.97E+00,-6.53E+02,,,,
-3.50E-01,4.87E+01,-4.87E+01,-1.89E-04,7.77E+00,1.85E+03,3.74E+01,-7.62E+02,,,,
-4.00E-01,5.57E+01,-5.57E+01,-2.16E-04,7.96E+00,1.85E+03,5.70E+01,-8.71E+02,,,,
-4.50E-01,6.27E+01,-6.27E+01,-2.43E-04,8.15E+00,1.85E+03,3.66E+01,-9.80E+02,,,,
-5.00E-01,6.97E+01,-6.97E+01,-2.70E-04,8.34E+00,1.85E+03,3.06E+01,-1.09E+03,,,,
-5.00E-01,6.97E+01,-6.97E+01,-2.70E-04,8.53E+00,1.85E+03,0.00E+00,-1.09E+03,,,,
-4.50E-01,6.27E+01,-6.27E+01,-2.43E-04,8.71E+00,1.85E+03,3.03E+01,-9.80E+02,,,,
-4.00E-01,5.57E+01,-5.57E+01,-2.16E-04,8.90E+00,1.85E+03,3.66E+01,-8.71E+02,,,,
-3.50E-01,4.87E+01,-4.87E+01,-1.89E-04,9.09E+00,1.85E+03,5.66E+01,-7.62E+02,,,,
-3.00E-01,4.17E+01,-4.17E+01,-1.62E-04,9.28E+00,1.86E+03,3.79E+01,-6.53E+02,,,,
-2.50E-01,3.47E+01,-3.47E+01,-1.35E-04,9.47E+00,1.86E+03,8.32E+00,-5.44E+02,,,,
-2.00E-01,2.78E+01,-2.78E+01,-1.08E-04,9.66E+00,1.86E+03,-5.83E+00,-4.36E+02,,,,
-1.50E-01,2.08E+01,-2.08E+01,-8.08E-05,1.00E+01,1.86E+03,-2.10E+01,-3.27E+02,,,,
-1.00E-01,1.39E+01,-1.39E+01,-5.39E-05,1.02E+01,1.86E+03,8.97E+00,-2.18E+02,,,,
-5.00E-02,6.94E+00,-6.94E+00,-2.69E-05,1.04E+01,1.86E+03,3.37E+01,-1.09E+02,,,,
0.00E+00,2.98E-04,2.98E-04,1.16E-09,1.10E+01,0.00E+00,-3.72E+04,0.00E+00,,,,
0.00E+00,4.75E-05,4.75E-05,1.84E-10,1.14E+01,0.00E+00,0.00E+00,0.00E+00,,,,
5.00E-02,6.96E+00,6.96E+00,2.70E-05,1.22E+01,1.85E+03,3.70E+04,1.09E+02,,,,
1.00E-01,1.39E+01,1.39E+01,5.40E-05,1.24E+01,1.85E+03,3.62E+01,2.18E+02,,,,
1.50E-01,2.09E+01,2.09E+01,8.09E-05,1.25E+01,1.85E+03,1.46E+01,3.27E+02,,,,
2.00E-01,2.78E+01,2.78E+01,1.08E-04,1.31E+01,1.86E+03,3.74E+01,4.36E+02,,,,
2.50E-01,3.47E+01,3.47E+01,1.35E-04,1.33E+01,1.86E+03,1.27E+01,5.44E+02,,,,
3.00E-01,4.17E+01,4.17E+01,1.62E-04,1.35E+01,1.86E+03,-3.29E+00,6.53E+02,,,,
3.50E-01,4.86E+01,4.86E+01,1.89E-04,1.37E+01,1.86E+03,-3.29E+00,7.62E+02,,,,
4.00E-01,5.56E+01,5.56E+01,2.16E-04,1.39E+01,1.86E+03,-5.03E+00,8.71E+02,,,,
4.50E-01,2.38E+02,2.38E+02,9.23E-04,1.41E+01,4.87E+02,-2.74E+04,9.80E+02,,,,
5.00E-01,3.15E+02,3.15E+02,1.22E-03,1.46E+01,4.10E+02,-1.55E+03,1.09E+03,,,,
5.00E-01,3.23E+02,3.23E+02,1.25E-03,1.48E+01,3.99E+02,0.00E+00,1.09E+03,,,,
4.50E-01,2.88E+02,2.88E+02,1.12E-03,1.50E+01,4.03E+02,-8.11E+01,9.80E+02,,,,
4.00E-01,5.56E+01,5.56E+01,2.16E-04,1.54E+01,1.86E+03,-2.90E+04,8.71E+02,,,,
3.50E-01,4.86E+01,4.86E+01,1.89E-04,1.56E+01,1.86E+03,-4.83E+00,7.62E+02,,,,
3.00E-01,4.17E+01,4.17E+01,1.62E-04,1.58E+01,1.86E+03,-3.91E+00,6.53E+02,,,,
2.50E-01,3.47E+01,3.47E+01,1.35E-04,1.59E+01,1.86E+03,-3.46E+00,5.44E+02,,,,
2.00E-01,2.78E+01,2.78E+01,1.08E-04,1.61E+01,1.86E+03,1.25E+01,4.36E+02,,,,
1.50E-01,2.09E+01,2.09E+01,8.09E-05,1.65E+01,1.85E+03,3.72E+01,3.27E+02,,,,
1.00E-01,1.39E+01,1.39E+01,5.40E-05,1.67E+01,1.85E+03,1.56E+01,2.18E+02,,,,
5.00E-02,6.96E+00,6.96E+00,2.70E-05,1.69E+01,1.85E+03,3.29E+01,1.09E+02,,,,
0.00E+00,3.97E-04,3.97E-04,1.54E-09,1.75E+01,0.00E+00,3.70E+04,0.00E+00,,,,
-5.00E-02,6.94E+00,-6.94E+00,-2.69E-05,1.82E+01,1.86E+03,-3.72E+04,-1.09E+02,,,,
-1.00E-01,1.39E+01,-1.39E+01,-5.39E-05,1.84E+01,1.86E+03,3.59E+01,-2.18E+02,,,,
-1.50E-01,2.08E+01,-2.08E+01,-8.08E-05,1.86E+01,1.86E+03,7.98E+00,-3.27E+02,,,,
-2.00E-01,2.78E+01,-2.78E+01,-1.08E-04,1.92E+01,1.86E+03,-2.07E+01,-4.36E+02,,,,
-2.50E-01,3.47E+01,-3.47E+01,-1.35E-04,1.94E+01,1.86E+03,-6.26E+00,-5.44E+02,,,,
-3.00E-01,4.17E+01,-4.17E+01,-1.62E-04,1.96E+01,1.86E+03,8.54E+00,-6.53E+02,,,,
-3.50E-01,4.87E+01,-4.87E+01,-1.89E-04,1.97E+01,1.85E+03,3.92E+01,-7.62E+02,,,,
-4.00E-01,5.57E+01,-5.57E+01,-2.16E-04,1.99E+01,1.85E+03,5.66E+01,-8.71E+02,,,,
-4.50E-01,6.27E+01,-6.27E+01,-2.43E-04,2.01E+01,1.85E+03,3.67E+01,-9.80E+02,,,,
-5.00E-01,6.97E+01,-6.97E+01,-2.70E-04,2.03E+01,1.85E+03,3.08E+01,-1.09E+03,,,,
-5.00E-01,6.97E+01,-6.97E+01,-2.70E-04,2.05E+01,1.85E+03,0.00E+00,-1.09E+03,,,,
-4.50E-01,6.27E+01,-6.27E+01,-2.43E-04,2.07E+01,1.85E+03,3.06E+01,-9.80E+02,,,,
-4.00E-01,5.57E+01,-5.57E+01,-2.16E-04,2.09E+01,1.85E+03,3.65E+01,-8.71E+02,,,,
-3.50E-01,4.87E+01,-4.87E+01,-1.89E-04,2.11E+01,1.85E+03,5.67E+01,-7.62E+02,,,,
-3.00E-01,4.17E+01,-4.17E+01,-1.62E-04,2.13E+01,1.86E+03,4.03E+01,-6.53E+02,,,,
-2.50E-01,3.47E+01,-3.47E+01,-1.35E-04,2.14E+01,1.86E+03,8.18E+00,-5.44E+02,,,,
-2.00E-01,2.78E+01,-2.78E+01,-1.08E-04,2.16E+01,1.86E+03,-6.24E+00,-4.36E+02,,,,
-1.50E-01,2.08E+01,-2.08E+01,-8.08E-05,2.20E+01,1.86E+03,-1.99E+01,-3.27E+02,,,,
-1.00E-01,1.39E+01,-1.39E+01,-5.39E-05,2.22E+01,1.86E+03,7.28E+00,-2.18E+02,,,,
-5.00E-02,6.94E+00,-6.94E+00,-2.69E-05,2.24E+01,1.86E+03,3.71E+01,-1.09E+02,,,,
0.00E+00,3.51E-04,3.51E-04,1.36E-09,2.30E+01,0.00E+00,-3.72E+04,0.00E+00,,,,
0.00E+00,4.55E-05,4.55E-05,1.76E-10,2.34E+01,0.00E+00,0.00E+00,0.00E+00,,,,
5.00E-02,6.96E+00,6.96E+00,2.70E-05,2.41E+01,1.85E+03,3.70E+04,1.09E+02,,,,
1.00E-01,1.39E+01,1.39E+01,5.40E-05,2.43E+01,1.85E+03,3.52E+01,2.18E+02,,,,
1.50E-01,2.09E+01,2.09E+01,8.09E-05,2.45E+01,1.85E+03,1.53E+01,3.27E+02,,,,
2.00E-01,2.78E+01,2.78E+01,1.08E-04,2.51E+01,1.86E+03,3.76E+01,4.36E+02,,,,
2.50E-01,3.47E+01,3.47E+01,1.35E-04,2.53E+01,1.86E+03,1.31E+01,5.44E+02,,,,
3.00E-01,4.17E+01,4.17E+01,1.62E-04,2.55E+01,1.86E+03,-3.97E+00,6.53E+02,,,,
3.50E-01,4.86E+01,4.86E+01,1.89E-04,2.57E+01,1.86E+03,-3.86E+00,7.62E+02,,,,
4.00E-01,5.56E+01,5.56E+01,2.16E-04,2.58E+01,1.86E+03,-4.55E+00,8.71E+02,,,,
4.50E-01,3.03E+02,3.03E+02,1.17E-03,2.64E+01,3.83E+02,-2.95E+04,9.80E+02,,,,
5.00E-01,3.55E+02,3.55E+02,1.38E-03,2.66E+01,3.63E+02,-3.95E+02,1.09E+03,,,,
5.00E-01,3.63E+02,3.63E+02,1.41E-03,2.68E+01,3.55E+02,0.00E+00,1.09E+03,,,,
4.50E-01,3.27E+02,3.27E+02,1.27E-03,2.70E+01,3.55E+02,8.98E+00,9.80E+02,,,,
4.00E-01,5.56E+01,5.56E+01,2.16E-04,2.74E+01,1.86E+03,-3.00E+04,8.71E+02,,,,
3.50E-01,4.86E+01,4.86E+01,1.89E-04,2.75E+01,1.86E+03,-5.15E+00,7.62E+02,,,,
3.00E-01,4.17E+01,4.17E+01,1.62E-04,2.77E+01,1.86E+03,-3.44E+00,6.53E+02,,,,
2.50E-01,3.47E+01,3.47E+01,1.35E-04,2.79E+01,1.86E+03,-3.88E+00,5.44E+02,,,,
2.00E-01,2.78E+01,2.78E+01,1.08E-04,2.81E+01,1.86E+03,1.26E+01,4.36E+02,,,,
1.50E-01,2.09E+01,2.09E+01,8.09E-05,2.85E+01,1.85E+03,3.77E+01,3.27E+02,,,,
1.00E-01,1.39E+01,1.39E+01,5.40E-05,2.87E+01,1.85E+03,1.45E+01,2.18E+02,,,,
5.00E-02,6.96E+00,6.96E+00,2.70E-05,2.89E+01,1.85E+03,3.72E+01,1.09E+02,,,,
0.00E+00,4.06E-04,4.06E-04,1.58E-09,2.94E+01,0.00E+00,3.70E+04,0.00E+00,,,,
-5.00E-02,6.94E+00,-6.94E+00,-2.69E-05,3.02E+01,1.86E+03,-3.72E+04,-1.09E+02,,,,
-1.00E-01,1.39E+01,-1.39E+01,-5.39E-05,3.04E+01,1.86E+03,3.29E+01,-2.18E+02,,,,
-1.50E-01,2.08E+01,-2.08E+01,-8.08E-05,3.06E+01,1.86E+03,8.92E+00,-3.27E+02,,,,
-2.00E-01,2.78E+01,-2.78E+01,-1.08E-04,3.12E+01,1.86E+03,-1.98E+01,-4.36E+02,,,,
-2.50E-01,3.47E+01,-3.47E+01,-1.35E-04,3.13E+01,1.86E+03,-6.13E+00,-5.44E+02,,,,
-3.00E-01,4.17E+01,-4.17E+01,-1.62E-04,3.15E+01,1.86E+03,8.08E+00,-6.53E+02,,,,
-3.50E-01,4.87E+01,-4.87E+01,-1.89E-04,3.17E+01,1.85E+03,4.61E+01,-7.62E+02,,,,
-4.00E-01,5.57E+01,-5.57E+01,-2.16E-04,3.19E+01,1.85E+03,5.70E+01,-8.71E+02,,,,
-4.50E-01,6.27E+01,-6.27E+01,-2.43E-04,3.21E+01,1.85E+03,3.66E+01,-9.80E+02,,,,
-5.00E-01,6.97E+01,-6.97E+01,-2.70E-04,3.23E+01,1.85E+03,3.09E+01,-1.09E+03,,,,
-5.00E-01,6.97E+01,-6.97E+01,-2.70E-04,3.25E+01,1.85E+03,0.00E+00,-1.09E+03,,,,
-4.50E-01,6.27E+01,-6.27E+01,-2.43E-04,3.27E+01,1.85E+03,3.07E+01,-9.80E+02,,,,
-4.00E-01,5.57E+01,-5.57E+01,-2.16E-04,3.29E+01,1.85E+03,3.64E+01,-8.71E+02,,,,
-3.50E-01,4.87E+01,-4.87E+01,-1.89E-04,3.30E+01,1.85E+03,5.67E+01,-7.62E+02,,,,
-3.00E-01,4.17E+01,-4.17E+01,-1.62E-04,3.32E+01,1.86E+03,4.64E+01,-6.53E+02,,,,
-2.50E-01,3.47E+01,-3.47E+01,-1.35E-04,3.34E+01,1.86E+03,8.67E+00,-5.44E+02,,,,
-2.00E-01,2.78E+01,-2.78E+01,-1.08E-04,3.36E+01,1.86E+03,-5.80E+00,-4.36E+02,,,,
-1.50E-01,2.08E+01,-2.08E+01,-8.08E-05,3.40E+01,1.86E+03,-1.92E+01,-3.27E+02,,,,
-1.00E-01,1.39E+01,-1.39E+01,-5.39E-05,3.42E+01,1.86E+03,8.29E+00,-2.18E+02,,,,
-5.00E-02,6.94E+00,-6.94E+00,-2.69E-05,3.44E+01,1.86E+03,3.62E+01,-1.09E+02,,,,
0.00E+00,2.83E-04,2.83E-04,1.10E-09,3.49E+01,0.00E+00,-3.72E+04,0.00E+00,,,,
0.00E+00,3.42E-04,3.42E-04,1.33E-09,3.51E+01,0.00E+00,0.00E+00,0.00E+00,,,,
5.00E-02,6.96E+00,6.96E+00,2.70E-05,3.59E+01,1.85E+03,3.70E+04,1.09E+02,,,,
1.00E-01,1.39E+01,1.39E+01,5.40E-05,3.61E+01,1.85E+03,3.64E+01,2.18E+02,,,,
1.50E-01,2.09E+01,2.09E+01,8.09E-05,3.63E+01,1.85E+03,1.64E+01,3.27E+02,,,,
2.00E-01,2.78E+01,2.78E+01,1.08E-04,3.68E+01,1.86E+03,3.79E+01,4.36E+02,,,,
2.50E-01,3.47E+01,3.47E+01,1.35E-04,3.70E+01,1.86E+03,1.31E+01,5.44E+02,,,,
3.00E-01,4.17E+01,4.17E+01,1.62E-04,3.72E+01,1.86E+03,-4.13E+00,6.53E+02,,,,
3.50E-01,4.86E+01,4.86E+01,1.89E-04,3.74E+01,1.86E+03,-3.70E+00,7.62E+02,,,,
4.00E-01,5.56E+01,5.56E+01,2.16E-04,3.76E+01,1.86E+03,-4.65E+00,8.71E+02,,,,
4.50E-01,3.33E+02,3.33E+02,1.29E-03,3.82E+01,3.49E+02,-3.01E+04,9.80E+02,,,,
5.00E-01,3.85E+02,3.85E+02,1.49E-03,3.84E+01,3.35E+02,-2.75E+02,1.09E+03,,,,
5.00E-01,3.93E+02,3.93E+02,1.52E-03,3.85E+01,3.28E+02,0.00E+00,1.09E+03,,,,
4.50E-01,3.56E+02,3.56E+02,1.38E-03,3.87E+01,3.26E+02,4.89E+01,9.80E+02,,,,
4.00E-01,9.94E+01,9.94E+01,3.86E-04,3.91E+01,1.04E+03,-1.42E+04,8.71E+02,,,,
3.50E-01,4.86E+01,4.86E+01,1.89E-04,3.93E+01,1.86E+03,-1.64E+04,7.62E+02,,,,
3.00E-01,4.17E+01,4.17E+01,1.62E-04,3.95E+01,1.86E+03,-3.68E+00,6.53E+02,,,,
2.50E-01,3.47E+01,3.47E+01,1.35E-04,3.97E+01,1.86E+03,-3.89E+00,5.44E+02,,,,
2.00E-01,2.78E+01,2.78E+01,1.08E-04,3.99E+01,1.86E+03,1.25E+01,4.36E+02,,,,
1.50E-01,2.09E+01,2.09E+01,8.09E-05,4.02E+01,1.85E+03,3.84E+01,3.27E+02,,,,
1.00E-01,1.39E+01,1.39E+01,5.40E-05,4.04E+01,1.85E+03,1.50E+01,2.18E+02,,,,
5.00E-02,6.96E+00,6.96E+00,2.70E-05,4.06E+01,1.85E+03,3.83E+01,1.09E+02,,,,
0.00E+00,4.17E-04,4.17E-04,1.62E-09,4.12E+01,0.00E+00,3.70E+04,0.00E+00,,,,
-5.00E-02,6.94E+00,-6.94E+00,-2.69E-05,4.20E+01,1.86E+03,-3.72E+04,-1.09E+02,,,,
-1.00E-01,1.39E+01,-1.39E+01,-5.39E-05,4.22E+01,1.86E+03,3.43E+01,-2.18E+02,,,,
-1.50E-01,2.08E+01,-2.08E+01,-8.08E-05,4.23E+01,1.86E+03,8.90E+00,-3.27E+02,,,,
-2.00E-01,2.78E+01,-2.78E+01,-1.08E-04,4.29E+01,1.86E+03,-1.95E+01,-4.36E+02,,,,
-2.50E-01,3.47E+01,-3.47E+01,-1.35E-04,4.31E+01,1.86E+03,-6.37E+00,-5.44E+02,,,,
-3.00E-01,4.16E+01,-4.16E+01,-1.62E-04,4.33E+01,1.86E+03,8.75E+00,-6.53E+02,,,,
-3.50E-01,4.87E+01,-4.87E+01,-1.89E-04,4.35E+01,1.85E+03,4.86E+01,-7.62E+02,,,,
-4.00E-01,5.57E+01,-5.57E+01,-2.16E-04,4.37E+01,1.85E+03,5.72E+01,-8.71E+02,,,,
-4.50E-01,6.27E+01,-6.27E+01,-2.43E-04,4.38E+01,1.85E+03,3.67E+01,-9.80E+02,,,,
-5.00E-01,6.97E+01,-6.97E+01,-2.70E-04,4.40E+01,1.85E+03,3.06E+01,-1.09E+03,,,,
-5.00E-01,6.97E+01,-6.97E+01,-2.70E-04,4.42E+01,1.85E+03,0.00E+00,-1.09E+03,,,,
-4.50E-01,6.27E+01,-6.27E+01,-2.43E-04,4.44E+01,1.85E+03,3.07E+01,-9.80E+02,,,,
-4.00E-01,5.57E+01,-5.57E+01,-2.16E-04,4.46E+01,1.85E+03,3.66E+01,-8.71E+02,,,,
-3.50E-01,4.87E+01,-4.87E+01,-1.89E-04,4.48E+01,1.85E+03,5.67E+01,-7.62E+02,,,,
-3.00E-01,4.16E+01,-4.16E+01,-1.62E-04,4.50E+01,1.86E+03,4.98E+01,-6.53E+02,,,,
-2.50E-01,3.47E+01,-3.47E+01,-1.35E-04,4.52E+01,1.86E+03,8.15E+00,-5.44E+02,,,,
-2.00E-01,2.78E+01,-2.78E+01,-1.08E-04,4.54E+01,1.86E+03,-5.44E+00,-4.36E+02,,,,
-1.50E-01,2.08E+01,-2.08E+01,-8.08E-05,4.57E+01,1.86E+03,-2.00E+01,-3.27E+02,,,,
-1.00E-01,1.39E+01,-1.39E+01,-5.39E-05,4.59E+01,1.86E+03,9.54E+00,-2.18E+02,,,,
-5.00E-02,6.94E+00,-6.94E+00,-2.69E-05,4.61E+01,1.86E+03,3.69E+01,-1.09E+02,,,,
0.00E+00,3.02E-04,3.02E-04,1.17E-09,4.67E+01,0.00E+00,-3.72E+04,0.00E+00,,,,
0.00E+00,3.27E-04,3.27E-04,1.27E-09,4.69E+01,0.00E+00,0.00E+00,0.00E+00,,,,
5.00E-02,6.96E+00,6.96E+00,2.70E-05,4.76E+01,1.85E+03,3.70E+04,1.09E+02,,,,
1.00E-01,1.39E+01,1.39E+01,5.40E-05,4.78E+01,1.85E+03,3.78E+01,2.18E+02,,,,
1.50E-01,2.09E+01,2.09E+01,8.09E-05,4.80E+01,1.85E+03,1.61E+01,3.27E+02,,,,
2.00E-01,2.78E+01,2.78E+01,1.08E-04,4.86E+01,1.86E+03,3.85E+01,4.36E+02,,,,
2.50E-01,3.47E+01,3.47E+01,1.35E-04,4.88E+01,1.86E+03,1.30E+01,5.44E+02,,,,
3.00E-01,4.17E+01,4.17E+01,1.62E-04,4.90E+01,1.86E+03,-3.69E+00,6.53E+02,,,,
3.50E-01,4.86E+01,4.86E+01,1.89E-04,4.92E+01,1.86E+03,-3.68E+00,7.62E+02,,,,
4.00E-01,7.19E+01,7.19E+01,2.79E-04,4.93E+01,1.43E+03,-8.44E+03,8.71E+02,,,,
4.50E-01,3.51E+02,3.51E+02,1.36E-03,4.99E+01,3.30E+02,-2.21E+04,9.80E+02,,,,
5.00E-01,4.04E+02,4.04E+02,1.57E-03,5.01E+01,3.19E+02,-2.17E+02,1.09E+03,,,,
5.00E-01,4.12E+02,4.12E+02,1.60E-03,5.03E+01,3.13E+02,0.00E+00,1.09E+03,,,,
4.50E-01,3.75E+02,3.75E+02,1.45E-03,5.05E+01,3.10E+02,7.07E+01,9.80E+02,,,,
4.00E-01,1.31E+02,1.31E+02,5.09E-04,5.09E+01,7.86E+02,-9.52E+03,8.71E+02,,,,
3.50E-01,4.86E+01,4.86E+01,1.89E-04,5.10E+01,1.86E+03,-2.14E+04,7.62E+02,,,,
3.00E-01,4.17E+01,4.17E+01,1.62E-04,5.12E+01,1.86E+03,-3.85E+00,6.53E+02,,,,
2.50E-01,3.47E+01,3.47E+01,1.35E-04,5.14E+01,1.86E+03,-3.85E+00,5.44E+02,,,,
2.00E-01,2.78E+01,2.78E+01,1.08E-04,5.16E+01,1.86E+03,1.33E+01,4.36E+02,,,,
1.50E-01,2.09E+01,2.09E+01,8.09E-05,5.20E+01,1.85E+03,3.79E+01,3.27E+02,,,,
1.00E-01,1.39E+01,1.39E+01,5.40E-05,5.22E+01,1.85E+03,1.65E+01,2.18E+02,,,,
5.00E-02,6.96E+00,6.96E+00,2.70E-05,5.24E+01,1.85E+03,3.80E+01,1.09E+02,,,,
0.00E+00,4.18E-04,4.18E-04,1.62E-09,5.29E+01,0.00E+00,3.70E+04,0.00E+00,,,,
-5.00E-02,6.94E+00,-6.94E+00,-2.69E-05,5.37E+01,1.86E+03,-3.72E+04,-1.09E+02,,,,
-1.00E-01,1.39E+01,-1.39E+01,-5.39E-05,5.39E+01,1.86E+03,3.77E+01,-2.18E+02,,,,
-1.50E-01,2.08E+01,-2.08E+01,-8.08E-05,5.41E+01,1.86E+03,7.97E+00,-3.27E+02,,,,
-2.00E-01,2.78E+01,-2.78E+01,-1.08E-04,5.47E+01,1.86E+03,-1.93E+01,-4.36E+02,,,,
-2.50E-01,3.47E+01,-3.47E+01,-1.35E-04,5.48E+01,1.86E+03,-5.83E+00,-5.44E+02,,,,
-3.00E-01,4.16E+01,-4.16E+01,-1.62E-04,5.50E+01,1.86E+03,8.40E+00,-6.53E+02,,,,
-3.50E-01,4.87E+01,-4.87E+01,-1.89E-04,5.52E+01,1.85E+03,5.02E+01,-7.62E+02,,,,
-4.00E-01,5.57E+01,-5.57E+01,-2.16E-04,5.54E+01,1.85E+03,5.73E+01,-8.71E+02,,,,
-4.50E-01,6.27E+01,-6.27E+01,-2.43E-04,5.56E+01,1.85E+03,3.68E+01,-9.80E+02,,,,
-5.00E-01,6.97E+01,-6.97E+01,-2.70E-04,5.58E+01,1.85E+03,3.08E+01,-1.09E+03,,,,
-5.00E-01,6.97E+01,-6.97E+01,-2.70E-04,5.60E+01,1.85E+03,0.00E+00,-1.09E+03,,,,
-4.50E-01,6.27E+01,-6.27E+01,-2.43E-04,5.62E+01,1.85E+03,3.07E+01,-9.80E+02,,,,
-4.00E-01,5.57E+01,-5.57E+01,-2.16E-04,5.64E+01,1.85E+03,3.67E+01,-8.71E+02,,,,
-3.50E-01,4.87E+01,-4.87E+01,-1.89E-04,5.65E+01,1.85E+03,5.71E+01,-7.62E+02,,,,
-3.00E-01,4.16E+01,-4.16E+01,-1.62E-04,5.67E+01,1.86E+03,5.07E+01,-6.53E+02,,,,
-2.50E-01,3.47E+01,-3.47E+01,-1.35E-04,5.69E+01,1.86E+03,8.77E+00,-5.44E+02,,,,
-2.00E-01,2.78E+01,-2.78E+01,-1.08E-04,5.71E+01,1.86E+03,-5.99E+00,-4.36E+02,,,,
-1.50E-01,2.08E+01,-2.08E+01,-8.08E-05,5.75E+01,1.86E+03,-1.90E+01,-3.27E+02,,,,
-1.00E-01,1.39E+01,-1.39E+01,-5.39E-05,5.77E+01,1.86E+03,8.24E+00,-2.18E+02,,,,
-5.00E-02,6.93E+00,-6.93E+00,-2.69E-05,5.79E+01,1.86E+03,4.13E+01,-1.09E+02,,,,
0.00E+00,3.72E-04,3.72E-04,1.44E-09,5.84E+01,0.00E+00,-3.72E+04,0.00E+00,,,,
,,,,,,,,,,,
,,,,,,,,,,,
,,,,,,,,,,,
,,,,,,,,,,,
,,,,,,,,,,,
,,,,,,,,,,,
,,,,,,,,,,,
,,,,,,,,,,,
,,,,,,,,,,,
,,,,,,,,,,,
,,,,,,,,,,,
,,,,,,,,,,,
,,,,,,,,,,,
,,,,,,,,,,,
,,,,,,,,,,,
,,,,,,,,,,,
,,,,,,,,,,,
,,,,,,,,,,,
,,,,,,,,,,,
,,,,,,,,,,,
,,,,,,,,,,,
,,,,,,,,,,,
,,,,,,,,,,,
,,,,,,,,,,,
,,,,,,,,,,,
,,,,,,,,,,,
,,,,,,,,,,,
,,,,,,,,,,,
,,,,,,,,,,,
,,,,,,,,,,,
,,,,,,,,,,,
,,,,,,,,,,,
,,,,,,,,,,,
,,,,,,,,,,,
,,,,,,,,,,,
,,,,,,,,,,,
,,,,,,,,,,,
,,,,,,,,,,,
,,,,,,,,,,,
,,,,,,,,,,,
,,,,,,,,,,,
,,,,,,,,,,,
,,,,,,,,,,,
,,,,,,,,,,,
,,,,,,,,,,,
,,,,,,,,,,,
,,,,,,,,,,,
,,,,,,,,,,,
,,,,,,,,,,,
,,,,,,,,,,,
,,,,,,,,,,,
,,,,,,,,,,,
,,,,,,,,,,,
,,,,,,,,,,,
,,,,,,,,,,,
,,,,,,,,,,,
,,,,,,,,,,,
,,,,,,,,,,,
,,,,,,,,,,,
,,,,,,,,,,,
,,,,,,,,,,,
,,,,,,,,,,,
,,,,,,,,,,,
,,,,,,,,,,,
,,,,,,,,,,,
,,,,,,,,,,,
,,,,,,,,,,,
,,,,,,,,,,,
,,,,,,,,,,,
,,,,,,,,,,,
,,,,,,,,,,,
,,,,,,,,,,,
,,,,,,,,,,,
,,,,,,,,,,,
,,,,,,,,,,,
,,,,,,,,,,,
,,,,,,,,,,,
,,,,,,,,,,,
,,,,,,,,,,,
,,,,,,,,,,,
,,,,,,,,,,,
,,,,,,,,,,,
,,,,,,,,,,,
,,,,,,,,,,,
,,,,,,,,,,,
,,,,,,,,,,,
,,,,,,,,,,,
,,,,,,,,,,,
,,,,,,,,,,,
,,,,,,,,,,,
,,,,,,,,,,,
,,,,,,,,,,,
,,,,,,,,,,,
,,,,,,,,,,,
,,,,,,,,,,,
,,,,,,,,,,,
,,,,,,,,,,,
,,,,,,,,,,,
,,,,,,,,,,,
,,,,,,,,,,,
,,,,,,,,,,,
,,,,,,,,,,,
,,,,,,,,,,,
,,,,,,,,,,,
,,,,,,,,,,,
,,,,,,,,,,,
,,,,,,,,,,,
,,,,,,,,,,,
,,,,,,,,,,,
,,,,,,,,,,,
,,,,,,,,,,,
,,,,,,,,,,,
,,,,,,,,,,,
,,,,,,,,,,,
,,,,,,,,,,,
,,,,,,,,,,,
,,,,,,,,,,,
,,,,,,,,,,,
,,,,,,,,,,,
,,,,,,,,,,,
,,,,,,,,,,,
,,,,,,,,,,,
,,,,,,,,,,,
,,,,,,,,,,,
,,,,,,,,,,,
,,,,,,,,,,,
,,,,,,,,,,,
,,,,,,,,,,,
,,,,,,,,,,,
,,,,,,,,,,,
,,,,,,,,,,,
,,,,,,,,,,,
,,,,,,,,,,,
,,,,,,,,,,,
,,,,,,,,,,,
,,,,,,,,,,,
,,,,,,,,,,,
,,,,,,,,,,,
,,,,,,,,,,,
,,,,,,,,,,,
,,,,,,,,,,,
,,,,,,,,,,,
,,,,,,,,,,,
,,,,,,,,,,,
,,,,,,,,,,,
,,,,,,,,,,,
,,,,,,,,,,,
,,,,,,,,,,,
,,,,,,,,,,,
,,,,,,,,,,,
,,,,,,,,,,,
,,,,,,,,,,,
,,,,,,,,,,,
,,,,,,,,,,,
,,,,,,,,,,,
,,,,,,,,,,,
,,,,,,,,,,,
,,,,,,,,,,,
,,,,,,,,,,,
,,,,,,,,,,,
,,,,,,,,,,,
,,,,,,,,,,,
,,,,,,,,,,,
,,,,,,,,,,,
,,,,,,,,,,,
,,,,,,,,,,,
,,,,,,,,,,,
,,,,,,,,,,,
,,,,,,,,,,,
,,,,,,,,,,,
,,,,,,,,,,,
,,,,,,,,,,,
,,,,,,,,,,,
,,,,,,,,,,,
,,,,,,,,,,,
,,,,,,,,,,,
,,,,,,,,,,,
,,,,,,,,,,,
,,,,,,,,,,,
,,,,,,,,,,,
,,,,,,,,,,,
,,,,,,,,,,,
,,,,,,,,,,,
,,,,,,,,,,,
,,,,,,,,,,,
,,,,,,,,,,,
,,,,,,,,,,,
,,,,,,,,,,,
,,,,,,,,,,,
,,,,,,,,,,,
,,,,,,,,,,,
,,,,,,,,,,,
,,,,,,,,,,,
,,,,,,,,,,,
,,,,,,,,,,,
,,,,,,,,,,,
,,,,,,,,,,,
,,,,,,,,,,,
,,,,,,,,,,,
,,,,,,,,,,,
,,,,,,,,,,,
,,,,,,,,,,,
,,,,,,,,,,,
,,,,,,,,,,,
,,,,,,,,,,,
,,,,,,,,,,,
,,,,,,,,,,,
,,,,,,,,,,,
,,,,,,,,,,,
,,,,,,,,,,,
,,,,,,,,,,,
,,,,,,,,,,,
,,,,,,,,,,,
,,,,,,,,,,,
,,,,,,,,,,,
,,,,,,,,,,,
,,,,,,,,,,,
,,,,,,,,,,,
,,,,,,,,,,,
,,,,,,,,,,,
,,,,,,,,,,,
,,,,,,,,,,,
,,,,,,,,,,,
,,,,,,,,,,,
,,,,,,,,,,,
,,,,,,,,,,,
,,,,,,,,,,,
,,,,,,,,,,,
,,,,,,,,,,,
,,,,,,,,,,,
,,,,,,,,,,,
,,,,,,,,,,,
,,,,,,,,,,,
,,,,,,,,,,,
,,,,,,,,,,,
,,,,,,,,,,,
,,,,,,,,,,,
,,,,,,,,,,,
,,,,,,,,,,,
,,,,,,,,,,,
,,,,,,,,,,,
,,,,,,,,,,,
,,,,,,,,,,,
,,,,,,,,,,,
,,,,,,,,,,,
,,,,,,,,,,,
,,,,,,,,,,,
,,,,,,,,,,,
,,,,,,,,,,,
,,,,,,,,,,,
,,,,,,,,,,,
,,,,,,,,,,,
,,,,,,,,,,,
,,,,,,,,,,,
,,,,,,,,,,,
,,,,,,,,,,,
,,,,,,,,,,,
,,,,,,,,,,,
