Voltage,Abs_J (Current Density),J (Current Density),Current,Time
0.00E+00,4.01E-05,4.01E-05,1.55E-10,0.00E+00
5.00E-02,6.49E-01,6.49E-01,2.52E-06,7.76E-01
1.00E-01,1.30E+00,1.30E+00,5.03E-06,9.64E-01
1.50E-01,1.95E+00,1.95E+00,7.54E-06,1.15E+00
2.00E-01,2.59E+00,2.59E+00,1.01E-05,1.34E+00
2.50E-01,3.24E+00,3.24E+00,1.26E-05,1.92E+00
3.00E-01,3.89E+00,3.89E+00,1.51E-05,2.10E+00
3.50E-01,4.53E+00,4.53E+00,1.76E-05,2.29E+00
4.00E-01,5.18E+00,5.18E+00,2.01E-05,2.48E+00
4.50E-01,5.82E+00,5.82E+00,2.26E-05,2.67E+00
5.00E-01,6.47E+00,6.47E+00,2.51E-05,2.86E+00
5.00E-01,6.47E+00,6.47E+00,2.51E-05,3.04E+00
4.50E-01,5.82E+00,5.82E+00,2.26E-05,3.23E+00
4.00E-01,5.18E+00,5.18E+00,2.01E-05,3.42E+00
3.50E-01,4.53E+00,4.53E+00,1.76E-05,3.61E+00
3.00E-01,3.88E+00,3.88E+00,1.51E-05,3.80E+00
2.50E-01,3.24E+00,3.24E+00,1.26E-05,3.99E+00
2.00E-01,2.59E+00,2.59E+00,1.00E-05,4.17E+00
1.50E-01,1.94E+00,1.94E+00,7.54E-06,4.55E+00
1.00E-01,1.30E+00,1.30E+00,5.03E-06,4.74E+00
5.00E-02,6.49E-01,6.49E-01,2.52E-06,4.93E+00
0.00E+00,9.42E-06,9.42E-06,3.66E-11,6.24E+00
-5.00E-02,6.46E-01,-6.46E-01,-2.51E-06,7.01E+00
-1.00E-01,1.29E+00,-1.29E+00,-5.01E-06,7.20E+00
-1.50E-01,1.94E+00,-1.94E+00,-7.52E-06,7.39E+00
-2.00E-01,2.58E+00,-2.58E+00,-1.00E-05,7.58E+00
-2.50E-01,3.23E+00,-3.23E+00,-1.25E-05,8.15E+00
-3.00E-01,3.87E+00,-3.87E+00,-1.50E-05,8.34E+00
-3.50E-01,4.52E+00,-4.52E+00,-1.75E-05,8.53E+00
-4.00E-01,5.16E+00,-5.16E+00,-2.00E-05,8.72E+00
-4.50E-01,5.80E+00,-5.80E+00,-2.25E-05,8.91E+00
-5.00E-01,6.44E+00,-6.44E+00,-2.50E-05,9.09E+00
-5.00E-01,6.44E+00,-6.44E+00,-2.50E-05,9.28E+00
-4.50E-01,5.80E+00,-5.80E+00,-2.25E-05,9.47E+00
-4.00E-01,5.16E+00,-5.16E+00,-2.00E-05,9.66E+00
-3.50E-01,4.52E+00,-4.52E+00,-1.75E-05,9.85E+00
-3.00E-01,3.87E+00,-3.87E+00,-1.50E-05,1.00E+01
-2.50E-01,3.23E+00,-3.23E+00,-1.25E-05,1.02E+01
-2.00E-01,2.58E+00,-2.58E+00,-1.00E-05,1.04E+01
-1.50E-01,1.94E+00,-1.94E+00,-7.52E-06,1.08E+01
-1.00E-01,1.29E+00,-1.29E+00,-5.02E-06,1.10E+01
-5.00E-02,6.46E-01,-6.46E-01,-2.51E-06,1.12E+01
0.00E+00,8.35E-06,8.35E-06,3.24E-11,1.25E+01
0.00E+00,5.69E-06,5.69E-06,2.21E-11,1.30E+01
5.00E-02,6.50E-01,6.50E-01,2.52E-06,1.38E+01
1.00E-01,1.30E+00,1.30E+00,5.03E-06,1.40E+01
1.50E-01,1.95E+00,1.95E+00,7.55E-06,1.41E+01
2.00E-01,2.59E+00,2.59E+00,1.01E-05,1.43E+01
2.50E-01,3.24E+00,3.24E+00,1.26E-05,1.49E+01
3.00E-01,3.89E+00,3.89E+00,1.51E-05,1.51E+01
3.50E-01,4.53E+00,4.53E+00,1.76E-05,1.53E+01
4.00E-01,5.18E+00,5.18E+00,2.01E-05,1.55E+01
4.50E-01,5.83E+00,5.83E+00,2.26E-05,1.57E+01
5.00E-01,6.47E+00,6.47E+00,2.51E-05,1.59E+01
5.00E-01,6.47E+00,6.47E+00,2.51E-05,1.60E+01
4.50E-01,5.82E+00,5.82E+00,2.26E-05,1.62E+01
4.00E-01,5.18E+00,5.18E+00,2.01E-05,1.64E+01
3.50E-01,4.53E+00,4.53E+00,1.76E-05,1.66E+01
3.00E-01,3.88E+00,3.88E+00,1.51E-05,1.68E+01
2.50E-01,3.24E+00,3.24E+00,1.26E-05,1.70E+01
2.00E-01,2.59E+00,2.59E+00,1.00E-05,1.72E+01
1.50E-01,1.94E+00,1.94E+00,7.54E-06,1.76E+01
1.00E-01,1.30E+00,1.30E+00,5.03E-06,1.77E+01
5.00E-02,6.49E-01,6.49E-01,2.52E-06,1.79E+01
0.00E+00,3.29E-05,3.29E-05,1.28E-10,1.85E+01
-5.00E-02,6.46E-01,-6.46E-01,-2.51E-06,1.93E+01
-1.00E-01,1.29E+00,-1.29E+00,-5.02E-06,1.95E+01
-1.50E-01,1.94E+00,-1.94E+00,-7.52E-06,1.97E+01
-2.00E-01,2.58E+00,-2.58E+00,-1.00E-05,1.99E+01
-2.50E-01,3.23E+00,-3.23E+00,-1.25E-05,2.04E+01
-3.00E-01,3.87E+00,-3.87E+00,-1.50E-05,2.06E+01
-3.50E-01,4.52E+00,-4.52E+00,-1.75E-05,2.08E+01
-4.00E-01,5.16E+00,-5.16E+00,-2.00E-05,2.10E+01
-4.50E-01,5.80E+00,-5.80E+00,-2.25E-05,2.12E+01
-5.00E-01,6.44E+00,-6.44E+00,-2.50E-05,2.14E+01
-5.00E-01,6.44E+00,-6.44E+00,-2.50E-05,2.16E+01
-4.50E-01,5.80E+00,-5.80E+00,-2.25E-05,2.18E+01
-4.00E-01,5.16E+00,-5.16E+00,-2.00E-05,2.20E+01
-3.50E-01,4.52E+00,-4.52E+00,-1.75E-05,2.21E+01
-3.00E-01,3.87E+00,-3.87E+00,-1.50E-05,2.23E+01
-2.50E-01,3.23E+00,-3.23E+00,-1.25E-05,2.25E+01
-2.00E-01,2.59E+00,-2.59E+00,-1.00E-05,2.27E+01
-1.50E-01,1.94E+00,-1.94E+00,-7.52E-06,2.31E+01
-1.00E-01,1.29E+00,-1.29E+00,-5.02E-06,2.33E+01
-5.00E-02,6.46E-01,-6.46E-01,-2.51E-06,2.35E+01
0.00E+00,8.30E-06,8.30E-06,3.22E-11,2.48E+01
0.00E+00,5.97E-06,5.97E-06,2.32E-11,2.53E+01
5.00E-02,6.50E-01,6.50E-01,2.52E-06,2.61E+01
1.00E-01,1.30E+00,1.30E+00,5.03E-06,2.63E+01
1.50E-01,1.95E+00,1.95E+00,7.55E-06,2.64E+01
2.00E-01,2.59E+00,2.59E+00,1.01E-05,2.66E+01
2.50E-01,3.24E+00,3.24E+00,1.26E-05,2.72E+01
3.00E-01,3.89E+00,3.89E+00,1.51E-05,2.74E+01
3.50E-01,4.53E+00,4.53E+00,1.76E-05,2.76E+01
4.00E-01,5.18E+00,5.18E+00,2.01E-05,2.78E+01
4.50E-01,5.83E+00,5.83E+00,2.26E-05,2.80E+01
5.00E-01,6.47E+00,6.47E+00,2.51E-05,2.81E+01
5.00E-01,6.47E+00,6.47E+00,2.51E-05,2.83E+01
4.50E-01,5.83E+00,5.83E+00,2.26E-05,2.85E+01
4.00E-01,5.18E+00,5.18E+00,2.01E-05,2.87E+01
3.50E-01,4.53E+00,4.53E+00,1.76E-05,2.89E+01
3.00E-01,3.89E+00,3.89E+00,1.51E-05,2.91E+01
2.50E-01,3.24E+00,3.24E+00,1.26E-05,2.93E+01
2.00E-01,2.59E+00,2.59E+00,1.01E-05,2.95E+01
1.50E-01,1.94E+00,1.94E+00,7.54E-06,2.98E+01
1.00E-01,1.30E+00,1.30E+00,5.03E-06,3.00E+01
5.00E-02,6.49E-01,6.49E-01,2.52E-06,3.02E+01
0.00E+00,4.00E-05,4.00E-05,1.55E-10,3.08E+01
-5.00E-02,6.46E-01,-6.46E-01,-2.51E-06,3.16E+01
-1.00E-01,1.29E+00,-1.29E+00,-5.02E-06,3.18E+01
-1.50E-01,1.94E+00,-1.94E+00,-7.52E-06,3.20E+01
-2.00E-01,2.58E+00,-2.58E+00,-1.00E-05,3.22E+01
-2.50E-01,3.23E+00,-3.23E+00,-1.25E-05,3.27E+01
-3.00E-01,3.87E+00,-3.87E+00,-1.50E-05,3.29E+01
-3.50E-01,4.52E+00,-4.52E+00,-1.75E-05,3.31E+01
-4.00E-01,5.16E+00,-5.16E+00,-2.00E-05,3.33E+01
-4.50E-01,5.80E+00,-5.80E+00,-2.25E-05,3.35E+01
-5.00E-01,6.44E+00,-6.44E+00,-2.50E-05,3.37E+01
-5.00E-01,6.44E+00,-6.44E+00,-2.50E-05,3.39E+01
-4.50E-01,5.80E+00,-5.80E+00,-2.25E-05,3.41E+01
-4.00E-01,5.16E+00,-5.16E+00,-2.00E-05,3.43E+01
-3.50E-01,4.52E+00,-4.52E+00,-1.75E-05,3.44E+01
-3.00E-01,3.87E+00,-3.87E+00,-1.50E-05,3.46E+01
-2.50E-01,3.23E+00,-3.23E+00,-1.25E-05,3.48E+01
-2.00E-01,2.59E+00,-2.59E+00,-1.00E-05,3.50E+01
-1.50E-01,1.94E+00,-1.94E+00,-7.53E-06,3.54E+01
-1.00E-01,1.29E+00,-1.29E+00,-5.02E-06,3.56E+01
-5.00E-02,6.47E-01,-6.47E-01,-2.51E-06,3.58E+01
0.00E+00,4.71E-06,4.71E-06,1.83E-11,3.71E+01
0.00E+00,6.73E-06,6.73E-06,2.61E-11,3.76E+01
5.00E-02,6.50E-01,6.50E-01,2.52E-06,3.84E+01
1.00E-01,1.30E+00,1.30E+00,5.03E-06,3.86E+01
1.50E-01,1.95E+00,1.95E+00,7.55E-06,3.87E+01
2.00E-01,2.59E+00,2.59E+00,1.01E-05,3.89E+01
2.50E-01,3.24E+00,3.24E+00,1.26E-05,3.95E+01
3.00E-01,3.89E+00,3.89E+00,1.51E-05,3.97E+01
3.50E-01,4.53E+00,4.53E+00,1.76E-05,3.99E+01
4.00E-01,5.18E+00,5.18E+00,2.01E-05,4.01E+01
4.50E-01,5.83E+00,5.83E+00,2.26E-05,4.03E+01
5.00E-01,6.47E+00,6.47E+00,2.51E-05,4.04E+01
5.00E-01,6.47E+00,6.47E+00,2.51E-05,4.06E+01
4.50E-01,5.83E+00,5.83E+00,2.26E-05,4.08E+01
4.00E-01,5.18E+00,5.18E+00,2.01E-05,4.10E+01
3.50E-01,4.53E+00,4.53E+00,1.76E-05,4.12E+01
3.00E-01,3.89E+00,3.89E+00,1.51E-05,4.14E+01
2.50E-01,3.24E+00,3.24E+00,1.26E-05,4.16E+01
2.00E-01,2.59E+00,2.59E+00,1.01E-05,4.18E+01
1.50E-01,1.95E+00,1.95E+00,7.54E-06,4.21E+01
1.00E-01,1.30E+00,1.30E+00,5.03E-06,4.23E+01
5.00E-02,6.50E-01,6.50E-01,2.52E-06,4.25E+01
0.00E+00,3.42E-05,3.42E-05,1.33E-10,4.31E+01
-5.00E-02,6.47E-01,-6.47E-01,-2.51E-06,4.39E+01
-1.00E-01,1.29E+00,-1.29E+00,-5.02E-06,4.41E+01
-1.50E-01,1.94E+00,-1.94E+00,-7.53E-06,4.43E+01
-2.00E-01,2.59E+00,-2.59E+00,-1.00E-05,4.45E+01
-2.50E-01,3.23E+00,-3.23E+00,-1.25E-05,4.50E+01
-3.00E-01,3.88E+00,-3.88E+00,-1.50E-05,4.52E+01
-3.50E-01,4.52E+00,-4.52E+00,-1.75E-05,4.54E+01
-4.00E-01,5.16E+00,-5.16E+00,-2.00E-05,4.56E+01
-4.50E-01,5.81E+00,-5.81E+00,-2.25E-05,4.58E+01
-5.00E-01,6.45E+00,-6.45E+00,-2.50E-05,4.60E+01
-5.00E-01,6.45E+00,-6.45E+00,-2.50E-05,4.62E+01
-4.50E-01,5.81E+00,-5.81E+00,-2.25E-05,4.64E+01
-4.00E-01,5.16E+00,-5.16E+00,-2.00E-05,4.65E+01
-3.50E-01,4.52E+00,-4.52E+00,-1.75E-05,4.67E+01
-3.00E-01,3.88E+00,-3.88E+00,-1.50E-05,4.69E+01
-2.50E-01,3.23E+00,-3.23E+00,-1.25E-05,4.71E+01
-2.00E-01,2.59E+00,-2.59E+00,-1.00E-05,4.73E+01
-1.50E-01,1.94E+00,-1.94E+00,-7.53E-06,4.77E+01
-1.00E-01,1.29E+00,-1.29E+00,-5.02E-06,4.79E+01
-5.00E-02,6.47E-01,-6.47E-01,-2.51E-06,4.81E+01
0.00E+00,3.80E-05,3.80E-05,1.47E-10,4.87E+01
0.00E+00,2.71E-05,2.71E-05,1.05E-10,4.89E+01
5.00E-02,6.50E-01,6.50E-01,2.52E-06,4.96E+01
1.00E-01,1.30E+00,1.30E+00,5.04E-06,4.98E+01
1.50E-01,1.95E+00,1.95E+00,7.55E-06,5.00E+01
2.00E-01,2.59E+00,2.59E+00,1.01E-05,5.02E+01
2.50E-01,3.24E+00,3.24E+00,1.26E-05,5.08E+01
3.00E-01,3.89E+00,3.89E+00,1.51E-05,5.10E+01
3.50E-01,4.54E+00,4.54E+00,1.76E-05,5.11E+01
4.00E-01,5.18E+00,5.18E+00,2.01E-05,5.13E+01
4.50E-01,5.83E+00,5.83E+00,2.26E-05,5.15E+01
5.00E-01,6.47E+00,6.47E+00,2.51E-05,5.17E+01
5.00E-01,6.47E+00,6.47E+00,2.51E-05,5.19E+01
4.50E-01,5.83E+00,5.83E+00,2.26E-05,5.21E+01
4.00E-01,5.18E+00,5.18E+00,2.01E-05,5.23E+01
3.50E-01,4.53E+00,4.53E+00,1.76E-05,5.25E+01
3.00E-01,3.89E+00,3.89E+00,1.51E-05,5.26E+01
2.50E-01,3.24E+00,3.24E+00,1.26E-05,5.28E+01
2.00E-01,2.59E+00,2.59E+00,1.01E-05,5.30E+01
1.50E-01,1.95E+00,1.95E+00,7.55E-06,5.34E+01
1.00E-01,1.30E+00,1.30E+00,5.03E-06,5.36E+01
5.00E-02,6.50E-01,6.50E-01,2.52E-06,5.38E+01
0.00E+00,1.14E-05,1.14E-05,4.41E-11,5.51E+01
-5.00E-02,6.47E-01,-6.47E-01,-2.51E-06,5.59E+01
-1.00E-01,1.29E+00,-1.29E+00,-5.02E-06,5.61E+01
-1.50E-01,1.94E+00,-1.94E+00,-7.53E-06,5.62E+01
-2.00E-01,2.59E+00,-2.59E+00,-1.00E-05,5.64E+01
-2.50E-01,3.23E+00,-3.23E+00,-1.25E-05,5.70E+01
-3.00E-01,3.88E+00,-3.88E+00,-1.50E-05,5.72E+01
-3.50E-01,4.52E+00,-4.52E+00,-1.75E-05,5.74E+01
-4.00E-01,5.17E+00,-5.17E+00,-2.00E-05,5.76E+01
-4.50E-01,5.81E+00,-5.81E+00,-2.25E-05,5.78E+01
-5.00E-01,6.45E+00,-6.45E+00,-2.50E-05,5.79E+01
-5.00E-01,6.45E+00,-6.45E+00,-2.50E-05,5.81E+01
-4.50E-01,5.81E+00,-5.81E+00,-2.25E-05,5.83E+01
-4.00E-01,5.16E+00,-5.16E+00,-2.00E-05,5.85E+01
-3.50E-01,4.52E+00,-4.52E+00,-1.75E-05,5.87E+01
-3.00E-01,3.88E+00,-3.88E+00,-1.50E-05,5.89E+01
-2.50E-01,3.23E+00,-3.23E+00,-1.25E-05,5.91E+01
-2.00E-01,2.59E+00,-2.59E+00,-1.00E-05,5.93E+01
-1.50E-01,1.94E+00,-1.94E+00,-7.53E-06,5.96E+01
-1.00E-01,1.29E+00,-1.29E+00,-5.02E-06,5.98E+01
-5.00E-02,6.47E-01,-6.47E-01,-2.51E-06,6.00E+01
0.00E+00,3.58E-05,3.58E-05,1.39E-10,6.06E+01
0.00E+00,3.06E-05,3.06E-05,1.19E-10,6.08E+01
5.00E-02,6.50E-01,6.50E-01,2.52E-06,6.16E+01
1.00E-01,1.30E+00,1.30E+00,5.04E-06,6.18E+01
1.50E-01,1.95E+00,1.95E+00,7.55E-06,6.20E+01
2.00E-01,2.59E+00,2.59E+00,1.01E-05,6.22E+01
2.50E-01,3.24E+00,3.24E+00,1.26E-05,6.27E+01
3.00E-01,3.89E+00,3.89E+00,1.51E-05,6.29E+01
3.50E-01,4.54E+00,4.54E+00,1.76E-05,6.31E+01
4.00E-01,5.18E+00,5.18E+00,2.01E-05,6.33E+01
4.50E-01,5.83E+00,5.83E+00,2.26E-05,6.35E+01
5.00E-01,6.47E+00,6.47E+00,2.51E-05,6.37E+01
5.00E-01,6.47E+00,6.47E+00,2.51E-05,6.39E+01
4.50E-01,5.83E+00,5.83E+00,2.26E-05,6.40E+01
4.00E-01,5.18E+00,5.18E+00,2.01E-05,6.42E+01
3.50E-01,4.53E+00,4.53E+00,1.76E-05,6.44E+01
3.00E-01,3.89E+00,3.89E+00,1.51E-05,6.46E+01
2.50E-01,3.24E+00,3.24E+00,1.26E-05,6.48E+01
2.00E-01,2.59E+00,2.59E+00,1.01E-05,6.50E+01
1.50E-01,1.95E+00,1.95E+00,7.55E-06,6.54E+01
1.00E-01,1.30E+00,1.30E+00,5.03E-06,6.56E+01
5.00E-02,6.50E-01,6.50E-01,2.52E-06,6.57E+01
0.00E+00,1.02E-05,1.02E-05,3.96E-11,6.71E+01
-5.00E-02,6.47E-01,-6.47E-01,-2.51E-06,6.78E+01
-1.00E-01,1.29E+00,-1.29E+00,-5.02E-06,6.80E+01
-1.50E-01,1.94E+00,-1.94E+00,-7.53E-06,6.82E+01
-2.00E-01,2.59E+00,-2.59E+00,-1.00E-05,6.84E+01
-2.50E-01,3.23E+00,-3.23E+00,-1.25E-05,6.90E+01
-3.00E-01,3.88E+00,-3.88E+00,-1.50E-05,6.92E+01
-3.50E-01,4.52E+00,-4.52E+00,-1.75E-05,6.93E+01
-4.00E-01,5.16E+00,-5.16E+00,-2.00E-05,6.95E+01
-4.50E-01,5.81E+00,-5.81E+00,-2.25E-05,6.97E+01
-5.00E-01,6.45E+00,-6.45E+00,-2.50E-05,6.99E+01
-5.00E-01,6.45E+00,-6.45E+00,-2.50E-05,7.01E+01
-4.50E-01,5.81E+00,-5.81E+00,-2.25E-05,7.03E+01
-4.00E-01,5.16E+00,-5.16E+00,-2.00E-05,7.05E+01
-3.50E-01,4.52E+00,-4.52E+00,-1.75E-05,7.07E+01
-3.00E-01,3.88E+00,-3.88E+00,-1.50E-05,7.08E+01
-2.50E-01,3.23E+00,-3.23E+00,-1.25E-05,7.10E+01
-2.00E-01,2.59E+00,-2.59E+00,-1.00E-05,7.12E+01
-1.50E-01,1.94E+00,-1.94E+00,-7.53E-06,7.16E+01
-1.00E-01,1.29E+00,-1.29E+00,-5.02E-06,7.18E+01
-5.00E-02,6.47E-01,-6.47E-01,-2.51E-06,7.20E+01
0.00E+00,7.98E-06,7.98E-06,3.10E-11,7.33E+01
0.00E+00,5.74E-06,5.74E-06,2.23E-11,7.38E+01
5.00E-02,6.50E-01,6.50E-01,2.52E-06,7.46E+01
1.00E-01,1.30E+00,1.30E+00,5.04E-06,7.48E+01
1.50E-01,1.95E+00,1.95E+00,7.55E-06,7.50E+01
2.00E-01,2.60E+00,2.60E+00,1.01E-05,7.51E+01
2.50E-01,3.24E+00,3.24E+00,1.26E-05,7.57E+01
3.00E-01,3.89E+00,3.89E+00,1.51E-05,7.59E+01
3.50E-01,4.54E+00,4.54E+00,1.76E-05,7.61E+01
4.00E-01,5.18E+00,5.18E+00,2.01E-05,7.63E+01
4.50E-01,5.83E+00,5.83E+00,2.26E-05,7.65E+01
5.00E-01,6.48E+00,6.48E+00,2.51E-05,7.67E+01
5.00E-01,6.48E+00,6.48E+00,2.51E-05,7.69E+01
4.50E-01,5.83E+00,5.83E+00,2.26E-05,7.70E+01
4.00E-01,5.18E+00,5.18E+00,2.01E-05,7.72E+01
3.50E-01,4.54E+00,4.54E+00,1.76E-05,7.74E+01
3.00E-01,3.89E+00,3.89E+00,1.51E-05,7.76E+01
2.50E-01,3.24E+00,3.24E+00,1.26E-05,7.78E+01
2.00E-01,2.59E+00,2.59E+00,1.01E-05,7.80E+01
1.50E-01,1.95E+00,1.95E+00,7.55E-06,7.84E+01
1.00E-01,1.30E+00,1.30E+00,5.03E-06,7.86E+01
5.00E-02,6.50E-01,6.50E-01,2.52E-06,7.87E+01
0.00E+00,4.09E-05,4.09E-05,1.59E-10,7.93E+01
-5.00E-02,6.47E-01,-6.47E-01,-2.51E-06,8.01E+01
-1.00E-01,1.29E+00,-1.29E+00,-5.02E-06,8.03E+01
-1.50E-01,1.94E+00,-1.94E+00,-7.53E-06,8.05E+01
-2.00E-01,2.59E+00,-2.59E+00,-1.00E-05,8.07E+01
-2.50E-01,3.23E+00,-3.23E+00,-1.25E-05,8.13E+01
-3.00E-01,3.88E+00,-3.88E+00,-1.50E-05,8.14E+01
-3.50E-01,4.52E+00,-4.52E+00,-1.75E-05,8.16E+01
-4.00E-01,5.17E+00,-5.17E+00,-2.00E-05,8.18E+01
-4.50E-01,5.81E+00,-5.81E+00,-2.25E-05,8.20E+01
-5.00E-01,6.45E+00,-6.45E+00,-2.50E-05,8.22E+01
-5.00E-01,6.45E+00,-6.45E+00,-2.50E-05,8.24E+01
-4.50E-01,5.81E+00,-5.81E+00,-2.25E-05,8.26E+01
-4.00E-01,5.17E+00,-5.17E+00,-2.00E-05,8.28E+01
-3.50E-01,4.52E+00,-4.52E+00,-1.75E-05,8.30E+01
-3.00E-01,3.88E+00,-3.88E+00,-1.50E-05,8.31E+01
-2.50E-01,3.23E+00,-3.23E+00,-1.25E-05,8.33E+01
-2.00E-01,2.59E+00,-2.59E+00,-1.00E-05,8.35E+01
-1.50E-01,1.94E+00,-1.94E+00,-7.53E-06,8.39E+01
-1.00E-01,1.29E+00,-1.29E+00,-5.02E-06,8.41E+01
-5.00E-02,6.47E-01,-6.47E-01,-2.51E-06,8.43E+01
0.00E+00,3.02E-05,3.02E-05,1.17E-10,8.49E+01
0.00E+00,2.94E-05,2.94E-05,1.14E-10,8.51E+01
5.00E-02,6.50E-01,6.50E-01,2.52E-06,8.58E+01
1.00E-01,1.30E+00,1.30E+00,5.04E-06,8.60E+01
1.50E-01,1.95E+00,1.95E+00,7.55E-06,8.62E+01
2.00E-01,2.60E+00,2.60E+00,1.01E-05,8.64E+01
2.50E-01,3.24E+00,3.24E+00,1.26E-05,8.70E+01
3.00E-01,3.89E+00,3.89E+00,1.51E-05,8.72E+01
3.50E-01,4.54E+00,4.54E+00,1.76E-05,8.74E+01
4.00E-01,5.19E+00,5.19E+00,2.01E-05,8.76E+01
4.50E-01,5.83E+00,5.83E+00,2.26E-05,8.77E+01
5.00E-01,6.48E+00,6.48E+00,2.51E-05,8.79E+01
5.00E-01,6.48E+00,6.48E+00,2.51E-05,8.81E+01
4.50E-01,5.83E+00,5.83E+00,2.26E-05,8.83E+01
4.00E-01,5.18E+00,5.18E+00,2.01E-05,8.85E+01
3.50E-01,4.54E+00,4.54E+00,1.76E-05,8.87E+01
3.00E-01,3.89E+00,3.89E+00,1.51E-05,8.89E+01
2.50E-01,3.24E+00,3.24E+00,1.26E-05,8.91E+01
2.00E-01,2.59E+00,2.59E+00,1.01E-05,8.92E+01
1.50E-01,1.95E+00,1.95E+00,7.55E-06,8.96E+01
1.00E-01,1.30E+00,1.30E+00,5.04E-06,8.98E+01
5.00E-02,6.50E-01,6.50E-01,2.52E-06,9.00E+01
0.00E+00,7.49E-06,7.49E-06,2.91E-11,9.13E+01
-5.00E-02,6.47E-01,-6.47E-01,-2.51E-06,9.21E+01
-1.00E-01,1.29E+00,-1.29E+00,-5.02E-06,9.23E+01
-1.50E-01,1.94E+00,-1.94E+00,-7.53E-06,9.25E+01
-2.00E-01,2.59E+00,-2.59E+00,-1.00E-05,9.26E+01
-2.50E-01,3.23E+00,-3.23E+00,-1.25E-05,9.32E+01
-3.00E-01,3.88E+00,-3.88E+00,-1.50E-05,9.34E+01
-3.50E-01,4.52E+00,-4.52E+00,-1.75E-05,9.36E+01
-4.00E-01,5.17E+00,-5.17E+00,-2.00E-05,9.38E+01
-4.50E-01,5.81E+00,-5.81E+00,-2.25E-05,9.40E+01
-5.00E-01,6.45E+00,-6.45E+00,-2.50E-05,9.42E+01
-5.00E-01,6.45E+00,-6.45E+00,-2.50E-05,9.44E+01
-4.50E-01,5.81E+00,-5.81E+00,-2.25E-05,9.45E+01
-4.00E-01,5.17E+00,-5.17E+00,-2.00E-05,9.47E+01
-3.50E-01,4.52E+00,-4.52E+00,-1.75E-05,9.49E+01
-3.00E-01,3.88E+00,-3.88E+00,-1.50E-05,9.51E+01
-2.50E-01,3.23E+00,-3.23E+00,-1.25E-05,9.53E+01
-2.00E-01,2.59E+00,-2.59E+00,-1.00E-05,9.55E+01
-1.50E-01,1.94E+00,-1.94E+00,-7.53E-06,9.59E+01
-1.00E-01,1.30E+00,-1.30E+00,-5.02E-06,9.60E+01
-5.00E-02,6.47E-01,-6.47E-01,-2.51E-06,9.62E+01
0.00E+00,4.05E-05,4.05E-05,1.57E-10,9.68E+01
0.00E+00,2.60E-05,2.60E-05,1.01E-10,9.70E+01
5.00E-02,6.50E-01,6.50E-01,2.52E-06,9.78E+01
1.00E-01,1.30E+00,1.30E+00,5.04E-06,9.80E+01
1.50E-01,1.95E+00,1.95E+00,7.55E-06,9.82E+01
2.00E-01,2.60E+00,2.60E+00,1.01E-05,9.84E+01
2.50E-01,3.24E+00,3.24E+00,1.26E-05,9.89E+01
3.00E-01,3.89E+00,3.89E+00,1.51E-05,9.91E+01
3.50E-01,4.54E+00,4.54E+00,1.76E-05,9.93E+01
4.00E-01,5.19E+00,5.19E+00,2.01E-05,9.95E+01
4.50E-01,5.83E+00,5.83E+00,2.26E-05,9.97E+01
5.00E-01,6.48E+00,6.48E+00,2.51E-05,9.99E+01
5.00E-01,6.48E+00,6.48E+00,2.51E-05,1.00E+02
4.50E-01,5.83E+00,5.83E+00,2.26E-05,1.00E+02
4.00E-01,5.18E+00,5.18E+00,2.01E-05,1.00E+02
3.50E-01,4.54E+00,4.54E+00,1.76E-05,1.01E+02
3.00E-01,3.89E+00,3.89E+00,1.51E-05,1.01E+02
2.50E-01,3.24E+00,3.24E+00,1.26E-05,1.01E+02
2.00E-01,2.59E+00,2.59E+00,1.01E-05,1.01E+02
1.50E-01,1.95E+00,1.95E+00,7.55E-06,1.02E+02
1.00E-01,1.30E+00,1.30E+00,5.04E-06,1.02E+02
5.00E-02,6.50E-01,6.50E-01,2.52E-06,1.02E+02
0.00E+00,1.04E-05,1.04E-05,4.03E-11,1.03E+02
-5.00E-02,6.47E-01,-6.47E-01,-2.51E-06,1.04E+02
-1.00E-01,1.29E+00,-1.29E+00,-5.02E-06,1.04E+02
-1.50E-01,1.94E+00,-1.94E+00,-7.53E-06,1.04E+02
-2.00E-01,2.59E+00,-2.59E+00,-1.00E-05,1.05E+02
-2.50E-01,3.23E+00,-3.23E+00,-1.25E-05,1.05E+02
-3.00E-01,3.88E+00,-3.88E+00,-1.50E-05,1.05E+02
-3.50E-01,4.52E+00,-4.52E+00,-1.75E-05,1.06E+02
-4.00E-01,5.17E+00,-5.17E+00,-2.00E-05,1.06E+02
-4.50E-01,5.81E+00,-5.81E+00,-2.25E-05,1.06E+02
-5.00E-01,6.45E+00,-6.45E+00,-2.50E-05,1.06E+02
-5.00E-01,6.45E+00,-6.45E+00,-2.50E-05,1.06E+02
-4.50E-01,5.81E+00,-5.81E+00,-2.25E-05,1.07E+02
-4.00E-01,5.17E+00,-5.17E+00,-2.00E-05,1.07E+02
-3.50E-01,4.52E+00,-4.52E+00,-1.75E-05,1.07E+02
-3.00E-01,3.88E+00,-3.88E+00,-1.50E-05,1.07E+02
-2.50E-01,3.23E+00,-3.23E+00,-1.25E-05,1.07E+02
-2.00E-01,2.59E+00,-2.59E+00,-1.00E-05,1.07E+02
-1.50E-01,1.94E+00,-1.94E+00,-7.53E-06,1.08E+02
-1.00E-01,1.30E+00,-1.30E+00,-5.02E-06,1.08E+02
-5.00E-02,6.47E-01,-6.47E-01,-2.51E-06,1.08E+02
0.00E+00,3.64E-05,3.64E-05,1.41E-10,1.09E+02
0.00E+00,2.93E-05,2.93E-05,1.14E-10,1.09E+02
5.00E-02,6.50E-01,6.50E-01,2.52E-06,1.10E+02
1.00E-01,1.30E+00,1.30E+00,5.04E-06,1.10E+02
1.50E-01,1.95E+00,1.95E+00,7.55E-06,1.10E+02
2.00E-01,2.60E+00,2.60E+00,1.01E-05,1.10E+02
2.50E-01,3.24E+00,3.24E+00,1.26E-05,1.11E+02
3.00E-01,3.89E+00,3.89E+00,1.51E-05,1.11E+02
3.50E-01,4.54E+00,4.54E+00,1.76E-05,1.11E+02
4.00E-01,5.19E+00,5.19E+00,2.01E-05,1.11E+02
4.50E-01,5.83E+00,5.83E+00,2.26E-05,1.12E+02
5.00E-01,6.48E+00,6.48E+00,2.51E-05,1.12E+02
5.00E-01,6.48E+00,6.48E+00,2.51E-05,1.12E+02
4.50E-01,5.83E+00,5.83E+00,2.26E-05,1.12E+02
4.00E-01,5.19E+00,5.19E+00,2.01E-05,1.12E+02
3.50E-01,4.54E+00,4.54E+00,1.76E-05,1.13E+02
3.00E-01,3.89E+00,3.89E+00,1.51E-05,1.13E+02
2.50E-01,3.24E+00,3.24E+00,1.26E-05,1.13E+02
2.00E-01,2.59E+00,2.59E+00,1.01E-05,1.13E+02
1.50E-01,1.95E+00,1.95E+00,7.55E-06,1.14E+02
1.00E-01,1.30E+00,1.30E+00,5.04E-06,1.14E+02
5.00E-02,6.50E-01,6.50E-01,2.52E-06,1.14E+02
0.00E+00,1.02E-05,1.02E-05,3.97E-11,1.15E+02
-5.00E-02,6.47E-01,-6.47E-01,-2.51E-06,1.16E+02
-1.00E-01,1.30E+00,-1.30E+00,-5.02E-06,1.16E+02
-1.50E-01,1.94E+00,-1.94E+00,-7.53E-06,1.16E+02
-2.00E-01,2.59E+00,-2.59E+00,-1.00E-05,1.17E+02
-2.50E-01,3.23E+00,-3.23E+00,-1.25E-05,1.17E+02
-3.00E-01,3.88E+00,-3.88E+00,-1.50E-05,1.17E+02
-3.50E-01,4.52E+00,-4.52E+00,-1.75E-05,1.18E+02
-4.00E-01,5.17E+00,-5.17E+00,-2.00E-05,1.18E+02
-4.50E-01,5.81E+00,-5.81E+00,-2.25E-05,1.18E+02
-5.00E-01,6.45E+00,-6.45E+00,-2.50E-05,1.18E+02
-5.00E-01,6.45E+00,-6.45E+00,-2.50E-05,1.18E+02
-4.50E-01,5.81E+00,-5.81E+00,-2.25E-05,1.18E+02
-4.00E-01,5.17E+00,-5.17E+00,-2.00E-05,1.19E+02
-3.50E-01,4.52E+00,-4.52E+00,-1.75E-05,1.19E+02
-3.00E-01,3.88E+00,-3.88E+00,-1.50E-05,1.19E+02
-2.50E-01,3.23E+00,-3.23E+00,-1.25E-05,1.19E+02
-2.00E-01,2.59E+00,-2.59E+00,-1.00E-05,1.19E+02
-1.50E-01,1.94E+00,-1.94E+00,-7.54E-06,1.20E+02
-1.00E-01,1.30E+00,-1.30E+00,-5.02E-06,1.20E+02
-5.00E-02,6.47E-01,-6.47E-01,-2.51E-06,1.20E+02
0.00E+00,8.55E-06,8.55E-06,3.31E-11,1.21E+02
0.00E+00,4.18E-05,4.18E-05,1.62E-10,0.00E+00
5.00E-02,6.46E-01,6.46E-01,2.51E-06,7.76E-01
1.00E-01,1.29E+00,1.29E+00,5.00E-06,9.64E-01
1.50E-01,1.93E+00,1.93E+00,7.50E-06,1.15E+00
2.00E-01,2.58E+00,2.58E+00,1.00E-05,1.34E+00
2.50E-01,3.22E+00,3.22E+00,1.25E-05,1.92E+00
3.00E-01,3.86E+00,3.86E+00,1.50E-05,2.10E+00
3.50E-01,4.51E+00,4.51E+00,1.75E-05,2.29E+00
4.00E-01,5.15E+00,5.15E+00,2.00E-05,2.48E+00
4.50E-01,5.79E+00,5.79E+00,2.25E-05,2.67E+00
5.00E-01,6.43E+00,6.43E+00,2.50E-05,2.86E+00
5.00E-01,6.43E+00,6.43E+00,2.50E-05,3.04E+00
4.50E-01,5.79E+00,5.79E+00,2.25E-05,3.23E+00
4.00E-01,5.15E+00,5.15E+00,2.00E-05,3.42E+00
3.50E-01,4.51E+00,4.51E+00,1.75E-05,3.61E+00
3.00E-01,3.86E+00,3.86E+00,1.50E-05,3.80E+00
2.50E-01,3.22E+00,3.22E+00,1.25E-05,3.99E+00
2.00E-01,2.58E+00,2.58E+00,9.99E-06,4.37E+00
1.50E-01,1.93E+00,1.93E+00,7.50E-06,4.55E+00
1.00E-01,1.29E+00,1.29E+00,5.00E-06,4.74E+00
5.00E-02,6.46E-01,6.46E-01,2.50E-06,4.93E+00
0.00E+00,4.06E-05,4.06E-05,1.57E-10,5.54E+00
-5.00E-02,6.43E-01,-6.43E-01,-2.49E-06,6.31E+00
-1.00E-01,1.29E+00,-1.29E+00,-4.99E-06,6.50E+00
-1.50E-01,1.93E+00,-1.93E+00,-7.48E-06,6.69E+00
-2.00E-01,2.57E+00,-2.57E+00,-9.97E-06,6.88E+00
-2.50E-01,3.21E+00,-3.21E+00,-1.25E-05,7.45E+00
-3.00E-01,3.85E+00,-3.85E+00,-1.49E-05,7.64E+00
-3.50E-01,4.49E+00,-4.49E+00,-1.74E-05,7.83E+00
-4.00E-01,5.13E+00,-5.13E+00,-1.99E-05,8.02E+00
-4.50E-01,5.77E+00,-5.77E+00,-2.24E-05,8.21E+00
-5.00E-01,6.41E+00,-6.41E+00,-2.49E-05,8.39E+00
-5.00E-01,6.41E+00,-6.41E+00,-2.49E-05,8.58E+00
-4.50E-01,5.77E+00,-5.77E+00,-2.24E-05,8.77E+00
-4.00E-01,5.13E+00,-5.13E+00,-1.99E-05,8.96E+00
-3.50E-01,4.49E+00,-4.49E+00,-1.74E-05,9.15E+00
-3.00E-01,3.85E+00,-3.85E+00,-1.49E-05,9.33E+00
-2.50E-01,3.21E+00,-3.21E+00,-1.25E-05,9.52E+00
-2.00E-01,2.57E+00,-2.57E+00,-9.97E-06,9.90E+00
-1.50E-01,1.93E+00,-1.93E+00,-7.48E-06,1.01E+01
-1.00E-01,1.29E+00,-1.29E+00,-4.99E-06,1.03E+01
-5.00E-02,6.43E-01,-6.43E-01,-2.49E-06,1.05E+01
0.00E+00,4.75E-06,4.75E-06,1.84E-11,1.18E+01
0.00E+00,6.66E-06,6.66E-06,2.58E-11,1.23E+01
5.00E-02,6.46E-01,6.46E-01,2.51E-06,1.31E+01
1.00E-01,1.29E+00,1.29E+00,5.00E-06,1.33E+01
1.50E-01,1.93E+00,1.93E+00,7.50E-06,1.34E+01
2.00E-01,2.58E+00,2.58E+00,1.00E-05,1.36E+01
2.50E-01,3.22E+00,3.22E+00,1.25E-05,1.42E+01
3.00E-01,3.87E+00,3.87E+00,1.50E-05,1.44E+01
3.50E-01,4.51E+00,4.51E+00,1.75E-05,1.46E+01
4.00E-01,5.15E+00,5.15E+00,2.00E-05,1.48E+01
4.50E-01,5.79E+00,5.79E+00,2.25E-05,1.50E+01
5.00E-01,6.44E+00,6.44E+00,2.50E-05,1.52E+01
5.00E-01,6.44E+00,6.44E+00,2.50E-05,1.53E+01
4.50E-01,5.79E+00,5.79E+00,2.25E-05,1.55E+01
4.00E-01,5.15E+00,5.15E+00,2.00E-05,1.57E+01
3.50E-01,4.51E+00,4.51E+00,1.75E-05,1.59E+01
3.00E-01,3.86E+00,3.86E+00,1.50E-05,1.61E+01
2.50E-01,3.22E+00,3.22E+00,1.25E-05,1.63E+01
2.00E-01,2.58E+00,2.58E+00,1.00E-05,1.67E+01
1.50E-01,1.93E+00,1.93E+00,7.50E-06,1.69E+01
1.00E-01,1.29E+00,1.29E+00,5.00E-06,1.70E+01
5.00E-02,6.46E-01,6.46E-01,2.50E-06,1.72E+01
0.00E+00,3.64E-05,3.64E-05,1.41E-10,1.78E+01
-5.00E-02,6.43E-01,-6.43E-01,-2.49E-06,1.86E+01
-1.00E-01,1.29E+00,-1.29E+00,-4.99E-06,1.88E+01
-1.50E-01,1.93E+00,-1.93E+00,-7.48E-06,1.90E+01
-2.00E-01,2.57E+00,-2.57E+00,-9.97E-06,1.92E+01
-2.50E-01,3.21E+00,-3.21E+00,-1.25E-05,1.97E+01
-3.00E-01,3.85E+00,-3.85E+00,-1.49E-05,1.99E+01
-3.50E-01,4.49E+00,-4.49E+00,-1.74E-05,2.01E+01
-4.00E-01,5.13E+00,-5.13E+00,-1.99E-05,2.03E+01
-4.50E-01,5.77E+00,-5.77E+00,-2.24E-05,2.05E+01
-5.00E-01,6.41E+00,-6.41E+00,-2.49E-05,2.07E+01
-5.00E-01,6.41E+00,-6.41E+00,-2.49E-05,2.09E+01
-4.50E-01,5.77E+00,-5.77E+00,-2.24E-05,2.11E+01
-4.00E-01,5.13E+00,-5.13E+00,-1.99E-05,2.13E+01
-3.50E-01,4.49E+00,-4.49E+00,-1.74E-05,2.14E+01
-3.00E-01,3.85E+00,-3.85E+00,-1.49E-05,2.16E+01
-2.50E-01,3.21E+00,-3.21E+00,-1.25E-05,2.18E+01
-2.00E-01,2.57E+00,-2.57E+00,-9.98E-06,2.22E+01
-1.50E-01,1.93E+00,-1.93E+00,-7.49E-06,2.24E+01
-1.00E-01,1.29E+00,-1.29E+00,-4.99E-06,2.26E+01
-5.00E-02,6.43E-01,-6.43E-01,-2.49E-06,2.28E+01
0.00E+00,3.94E-05,3.94E-05,1.53E-10,2.34E+01
0.00E+00,6.77E-06,6.77E-06,2.63E-11,2.43E+01
5.00E-02,6.46E-01,6.46E-01,2.51E-06,2.50E+01
1.00E-01,1.29E+00,1.29E+00,5.01E-06,2.52E+01
1.50E-01,1.94E+00,1.94E+00,7.51E-06,2.54E+01
2.00E-01,2.58E+00,2.58E+00,1.00E-05,2.56E+01
2.50E-01,3.22E+00,3.22E+00,1.25E-05,2.62E+01
3.00E-01,3.87E+00,3.87E+00,1.50E-05,2.64E+01
3.50E-01,4.51E+00,4.51E+00,1.75E-05,2.65E+01
4.00E-01,5.16E+00,5.16E+00,2.00E-05,2.67E+01
4.50E-01,5.80E+00,5.80E+00,2.25E-05,2.69E+01
5.00E-01,6.44E+00,6.44E+00,2.50E-05,2.71E+01
5.00E-01,6.44E+00,6.44E+00,2.50E-05,2.73E+01
4.50E-01,5.80E+00,5.80E+00,2.25E-05,2.75E+01
4.00E-01,5.15E+00,5.15E+00,2.00E-05,2.77E+01
3.50E-01,4.51E+00,4.51E+00,1.75E-05,2.79E+01
3.00E-01,3.87E+00,3.87E+00,1.50E-05,2.81E+01
2.50E-01,3.22E+00,3.22E+00,1.25E-05,2.82E+01
2.00E-01,2.58E+00,2.58E+00,1.00E-05,2.84E+01
1.50E-01,1.94E+00,1.94E+00,7.51E-06,2.88E+01
1.00E-01,1.29E+00,1.29E+00,5.01E-06,2.90E+01
5.00E-02,6.46E-01,6.46E-01,2.51E-06,2.92E+01
0.00E+00,1.08E-05,1.08E-05,4.18E-11,3.05E+01
-5.00E-02,6.43E-01,-6.43E-01,-2.49E-06,3.13E+01
-1.00E-01,1.29E+00,-1.29E+00,-4.99E-06,3.15E+01
-1.50E-01,1.93E+00,-1.93E+00,-7.49E-06,3.16E+01
-2.00E-01,2.57E+00,-2.57E+00,-9.98E-06,3.18E+01
-2.50E-01,3.21E+00,-3.21E+00,-1.25E-05,3.24E+01
-3.00E-01,3.85E+00,-3.85E+00,-1.50E-05,3.26E+01
-3.50E-01,4.50E+00,-4.50E+00,-1.74E-05,3.28E+01
-4.00E-01,5.14E+00,-5.14E+00,-1.99E-05,3.30E+01
-4.50E-01,5.77E+00,-5.77E+00,-2.24E-05,3.32E+01
-5.00E-01,6.41E+00,-6.41E+00,-2.49E-05,3.34E+01
-5.00E-01,6.41E+00,-6.41E+00,-2.49E-05,3.35E+01
-4.50E-01,5.78E+00,-5.78E+00,-2.24E-05,3.37E+01
-4.00E-01,5.14E+00,-5.14E+00,-1.99E-05,3.39E+01
-3.50E-01,4.50E+00,-4.50E+00,-1.74E-05,3.41E+01
-3.00E-01,3.86E+00,-3.86E+00,-1.50E-05,3.43E+01
-2.50E-01,3.21E+00,-3.21E+00,-1.25E-05,3.45E+01
-2.00E-01,2.57E+00,-2.57E+00,-9.98E-06,3.49E+01
-1.50E-01,1.93E+00,-1.93E+00,-7.49E-06,3.50E+01
-1.00E-01,1.29E+00,-1.29E+00,-4.99E-06,3.52E+01
-5.00E-02,6.43E-01,-6.43E-01,-2.50E-06,3.54E+01
0.00E+00,5.63E-06,5.63E-06,2.18E-11,3.67E+01
0.00E+00,5.56E-06,5.56E-06,2.16E-11,3.73E+01
5.00E-02,6.47E-01,6.47E-01,2.51E-06,3.80E+01
1.00E-01,1.29E+00,1.29E+00,5.01E-06,3.82E+01
1.50E-01,1.94E+00,1.94E+00,7.51E-06,3.84E+01
2.00E-01,2.58E+00,2.58E+00,1.00E-05,3.86E+01
2.50E-01,3.22E+00,3.22E+00,1.25E-05,3.92E+01
3.00E-01,3.87E+00,3.87E+00,1.50E-05,3.94E+01
3.50E-01,4.51E+00,4.51E+00,1.75E-05,3.95E+01
4.00E-01,5.16E+00,5.16E+00,2.00E-05,3.97E+01
4.50E-01,5.80E+00,5.80E+00,2.25E-05,3.99E+01
5.00E-01,6.44E+00,6.44E+00,2.50E-05,4.01E+01
5.00E-01,6.44E+00,6.44E+00,2.50E-05,4.03E+01
4.50E-01,5.80E+00,5.80E+00,2.25E-05,4.05E+01
4.00E-01,5.16E+00,5.16E+00,2.00E-05,4.07E+01
3.50E-01,4.51E+00,4.51E+00,1.75E-05,4.09E+01
3.00E-01,3.87E+00,3.87E+00,1.50E-05,4.11E+01
2.50E-01,3.22E+00,3.22E+00,1.25E-05,4.12E+01
2.00E-01,2.58E+00,2.58E+00,1.00E-05,4.14E+01
1.50E-01,1.94E+00,1.94E+00,7.51E-06,4.18E+01
1.00E-01,1.29E+00,1.29E+00,5.01E-06,4.20E+01
5.00E-02,6.46E-01,6.46E-01,2.51E-06,4.22E+01
0.00E+00,6.46E-06,6.46E-06,2.51E-11,4.35E+01
-5.00E-02,6.43E-01,-6.43E-01,-2.50E-06,4.43E+01
-1.00E-01,1.29E+00,-1.29E+00,-4.99E-06,4.45E+01
-1.50E-01,1.93E+00,-1.93E+00,-7.49E-06,4.46E+01
-2.00E-01,2.57E+00,-2.57E+00,-9.98E-06,4.48E+01
-2.50E-01,3.21E+00,-3.21E+00,-1.25E-05,4.54E+01
-3.00E-01,3.86E+00,-3.86E+00,-1.50E-05,4.56E+01
-3.50E-01,4.50E+00,-4.50E+00,-1.74E-05,4.58E+01
-4.00E-01,5.14E+00,-5.14E+00,-1.99E-05,4.60E+01
-4.50E-01,5.78E+00,-5.78E+00,-2.24E-05,4.62E+01
-5.00E-01,6.41E+00,-6.41E+00,-2.49E-05,4.63E+01
-5.00E-01,6.41E+00,-6.41E+00,-2.49E-05,4.65E+01
-4.50E-01,5.78E+00,-5.78E+00,-2.24E-05,4.67E+01
-4.00E-01,5.14E+00,-5.14E+00,-1.99E-05,4.69E+01
-3.50E-01,4.50E+00,-4.50E+00,-1.74E-05,4.71E+01
-3.00E-01,3.86E+00,-3.86E+00,-1.50E-05,4.73E+01
-2.50E-01,3.21E+00,-3.21E+00,-1.25E-05,4.75E+01
-2.00E-01,2.57E+00,-2.57E+00,-9.98E-06,4.79E+01
-1.50E-01,1.93E+00,-1.93E+00,-7.49E-06,4.80E+01
-1.00E-01,1.29E+00,-1.29E+00,-5.00E-06,4.82E+01
-5.00E-02,6.44E-01,-6.44E-01,-2.50E-06,4.84E+01
0.00E+00,8.64E-06,8.64E-06,3.35E-11,4.97E+01
0.00E+00,5.94E-06,5.94E-06,2.30E-11,5.03E+01
5.00E-02,6.47E-01,6.47E-01,2.51E-06,5.10E+01
1.00E-01,1.29E+00,1.29E+00,5.01E-06,5.12E+01
1.50E-01,1.94E+00,1.94E+00,7.51E-06,5.14E+01
2.00E-01,2.58E+00,2.58E+00,1.00E-05,5.16E+01
2.50E-01,3.22E+00,3.22E+00,1.25E-05,5.22E+01
3.00E-01,3.87E+00,3.87E+00,1.50E-05,5.24E+01
3.50E-01,4.51E+00,4.51E+00,1.75E-05,5.25E+01
4.00E-01,5.16E+00,5.16E+00,2.00E-05,5.27E+01
4.50E-01,5.80E+00,5.80E+00,2.25E-05,5.29E+01
5.00E-01,6.44E+00,6.44E+00,2.50E-05,5.31E+01
5.00E-01,6.44E+00,6.44E+00,2.50E-05,5.33E+01
4.50E-01,5.80E+00,5.80E+00,2.25E-05,5.35E+01
4.00E-01,5.16E+00,5.16E+00,2.00E-05,5.37E+01
3.50E-01,4.51E+00,4.51E+00,1.75E-05,5.39E+01
3.00E-01,3.87E+00,3.87E+00,1.50E-05,5.40E+01
2.50E-01,3.22E+00,3.22E+00,1.25E-05,5.42E+01
2.00E-01,2.58E+00,2.58E+00,1.00E-05,5.44E+01
1.50E-01,1.94E+00,1.94E+00,7.51E-06,5.48E+01
1.00E-01,1.29E+00,1.29E+00,5.01E-06,5.50E+01
5.00E-02,6.46E-01,6.46E-01,2.51E-06,5.52E+01
0.00E+00,4.10E-05,4.10E-05,1.59E-10,5.58E+01
-5.00E-02,6.43E-01,-6.43E-01,-2.50E-06,5.66E+01
-1.00E-01,1.29E+00,-1.29E+00,-4.99E-06,5.68E+01
-1.50E-01,1.93E+00,-1.93E+00,-7.49E-06,5.69E+01
-2.00E-01,2.57E+00,-2.57E+00,-9.98E-06,5.71E+01
-2.50E-01,3.21E+00,-3.21E+00,-1.25E-05,5.77E+01
-3.00E-01,3.86E+00,-3.86E+00,-1.50E-05,5.79E+01
-3.50E-01,4.50E+00,-4.50E+00,-1.74E-05,5.81E+01
-4.00E-01,5.14E+00,-5.14E+00,-1.99E-05,5.83E+01
-4.50E-01,5.78E+00,-5.78E+00,-2.24E-05,5.85E+01
-5.00E-01,6.42E+00,-6.42E+00,-2.49E-05,5.86E+01
-5.00E-01,6.42E+00,-6.42E+00,-2.49E-05,5.88E+01
-4.50E-01,5.78E+00,-5.78E+00,-2.24E-05,5.90E+01
-4.00E-01,5.14E+00,-5.14E+00,-1.99E-05,5.92E+01
-3.50E-01,4.50E+00,-4.50E+00,-1.74E-05,5.94E+01
-3.00E-01,3.86E+00,-3.86E+00,-1.50E-05,5.96E+01
-2.50E-01,3.22E+00,-3.22E+00,-1.25E-05,5.98E+01
-2.00E-01,2.57E+00,-2.57E+00,-9.98E-06,6.02E+01
-1.50E-01,1.93E+00,-1.93E+00,-7.49E-06,6.03E+01
-1.00E-01,1.29E+00,-1.29E+00,-5.00E-06,6.05E+01
-5.00E-02,6.44E-01,-6.44E-01,-2.50E-06,6.07E+01
0.00E+00,3.66E-05,3.66E-05,1.42E-10,6.13E+01
0.00E+00,2.70E-05,2.70E-05,1.05E-10,6.15E+01
5.00E-02,6.47E-01,6.47E-01,2.51E-06,6.23E+01
1.00E-01,1.29E+00,1.29E+00,5.01E-06,6.25E+01
1.50E-01,1.94E+00,1.94E+00,7.52E-06,6.27E+01
2.00E-01,2.58E+00,2.58E+00,1.00E-05,6.29E+01
2.50E-01,3.23E+00,3.23E+00,1.25E-05,6.34E+01
3.00E-01,3.87E+00,3.87E+00,1.50E-05,6.36E+01
3.50E-01,4.51E+00,4.51E+00,1.75E-05,6.38E+01
4.00E-01,5.16E+00,5.16E+00,2.00E-05,6.40E+01
4.50E-01,5.80E+00,5.80E+00,2.25E-05,6.42E+01
5.00E-01,6.44E+00,6.44E+00,2.50E-05,6.44E+01
5.00E-01,6.44E+00,6.44E+00,2.50E-05,6.46E+01
4.50E-01,5.80E+00,5.80E+00,2.25E-05,6.47E+01
4.00E-01,5.16E+00,5.16E+00,2.00E-05,6.49E+01
3.50E-01,4.51E+00,4.51E+00,1.75E-05,6.51E+01
3.00E-01,3.87E+00,3.87E+00,1.50E-05,6.53E+01
2.50E-01,3.22E+00,3.22E+00,1.25E-05,6.55E+01
2.00E-01,2.58E+00,2.58E+00,1.00E-05,6.57E+01
1.50E-01,1.94E+00,1.94E+00,7.51E-06,6.61E+01
1.00E-01,1.29E+00,1.29E+00,5.01E-06,6.63E+01
5.00E-02,6.47E-01,6.47E-01,2.51E-06,6.64E+01
0.00E+00,1.10E-05,1.10E-05,4.27E-11,6.78E+01
-5.00E-02,6.44E-01,-6.44E-01,-2.50E-06,6.85E+01
-1.00E-01,1.29E+00,-1.29E+00,-5.00E-06,6.87E+01
-1.50E-01,1.93E+00,-1.93E+00,-7.49E-06,6.89E+01
-2.00E-01,2.57E+00,-2.57E+00,-9.98E-06,6.91E+01
-2.50E-01,3.22E+00,-3.22E+00,-1.25E-05,6.97E+01
-3.00E-01,3.86E+00,-3.86E+00,-1.50E-05,6.99E+01
-3.50E-01,4.50E+00,-4.50E+00,-1.75E-05,7.00E+01
-4.00E-01,5.14E+00,-5.14E+00,-1.99E-05,7.02E+01
-4.50E-01,5.78E+00,-5.78E+00,-2.24E-05,7.04E+01
-5.00E-01,6.42E+00,-6.42E+00,-2.49E-05,7.06E+01
-5.00E-01,6.42E+00,-6.42E+00,-2.49E-05,7.08E+01
-4.50E-01,5.78E+00,-5.78E+00,-2.24E-05,7.10E+01
-4.00E-01,5.14E+00,-5.14E+00,-1.99E-05,7.12E+01
-3.50E-01,4.50E+00,-4.50E+00,-1.75E-05,7.14E+01
-3.00E-01,3.86E+00,-3.86E+00,-1.50E-05,7.15E+01
-2.50E-01,3.22E+00,-3.22E+00,-1.25E-05,7.17E+01
-2.00E-01,2.57E+00,-2.57E+00,-9.99E-06,7.21E+01
-1.50E-01,1.93E+00,-1.93E+00,-7.50E-06,7.23E+01
-1.00E-01,1.29E+00,-1.29E+00,-5.00E-06,7.25E+01
-5.00E-02,6.44E-01,-6.44E-01,-2.50E-06,7.27E+01
0.00E+00,3.44E-05,3.44E-05,1.34E-10,7.33E+01
0.00E+00,3.12E-05,3.12E-05,1.21E-10,7.35E+01
5.00E-02,6.47E-01,6.47E-01,2.51E-06,7.43E+01
1.00E-01,1.29E+00,1.29E+00,5.01E-06,7.44E+01
1.50E-01,1.94E+00,1.94E+00,7.52E-06,7.46E+01
2.00E-01,2.58E+00,2.58E+00,1.00E-05,7.48E+01
2.50E-01,3.23E+00,3.23E+00,1.25E-05,7.54E+01
3.00E-01,3.87E+00,3.87E+00,1.50E-05,7.56E+01
3.50E-01,4.52E+00,4.52E+00,1.75E-05,7.58E+01
4.00E-01,5.16E+00,5.16E+00,2.00E-05,7.60E+01
4.50E-01,5.80E+00,5.80E+00,2.25E-05,7.61E+01
5.00E-01,6.45E+00,6.45E+00,2.50E-05,7.63E+01
5.00E-01,6.45E+00,6.45E+00,2.50E-05,7.65E+01
4.50E-01,5.80E+00,5.80E+00,2.25E-05,7.67E+01
4.00E-01,5.16E+00,5.16E+00,2.00E-05,7.69E+01
3.50E-01,4.51E+00,4.51E+00,1.75E-05,7.71E+01
3.00E-01,3.87E+00,3.87E+00,1.50E-05,7.73E+01
2.50E-01,3.22E+00,3.22E+00,1.25E-05,7.75E+01
2.00E-01,2.58E+00,2.58E+00,1.00E-05,7.76E+01
1.50E-01,1.94E+00,1.94E+00,7.51E-06,7.80E+01
1.00E-01,1.29E+00,1.29E+00,5.01E-06,7.82E+01
5.00E-02,6.47E-01,6.47E-01,2.51E-06,7.84E+01
0.00E+00,1.09E-05,1.09E-05,4.25E-11,7.97E+01
-5.00E-02,6.44E-01,-6.44E-01,-2.50E-06,8.05E+01
-1.00E-01,1.29E+00,-1.29E+00,-5.00E-06,8.07E+01
-1.50E-01,1.93E+00,-1.93E+00,-7.49E-06,8.09E+01
-2.00E-01,2.57E+00,-2.57E+00,-9.99E-06,8.11E+01
-2.50E-01,3.22E+00,-3.22E+00,-1.25E-05,8.16E+01
-3.00E-01,3.86E+00,-3.86E+00,-1.50E-05,8.18E+01
-3.50E-01,4.50E+00,-4.50E+00,-1.75E-05,8.20E+01
-4.00E-01,5.14E+00,-5.14E+00,-1.99E-05,8.22E+01
-4.50E-01,5.78E+00,-5.78E+00,-2.24E-05,8.24E+01
-5.00E-01,6.42E+00,-6.42E+00,-2.49E-05,8.26E+01
-5.00E-01,6.42E+00,-6.42E+00,-2.49E-05,8.28E+01
-4.50E-01,5.78E+00,-5.78E+00,-2.24E-05,8.29E+01
-4.00E-01,5.14E+00,-5.14E+00,-1.99E-05,8.31E+01
-3.50E-01,4.50E+00,-4.50E+00,-1.75E-05,8.33E+01
-3.00E-01,3.86E+00,-3.86E+00,-1.50E-05,8.35E+01
-2.50E-01,3.22E+00,-3.22E+00,-1.25E-05,8.37E+01
-2.00E-01,2.58E+00,-2.58E+00,-9.99E-06,8.41E+01
-1.50E-01,1.93E+00,-1.93E+00,-7.50E-06,8.43E+01
-1.00E-01,1.29E+00,-1.29E+00,-5.00E-06,8.45E+01
-5.00E-02,6.44E-01,-6.44E-01,-2.50E-06,8.46E+01
0.00E+00,8.28E-06,8.28E-06,3.21E-11,8.60E+01
0.00E+00,5.41E-06,5.41E-06,2.10E-11,8.65E+01
5.00E-02,6.47E-01,6.47E-01,2.51E-06,8.72E+01
1.00E-01,1.29E+00,1.29E+00,5.01E-06,8.74E+01
1.50E-01,1.94E+00,1.94E+00,7.52E-06,8.76E+01
2.00E-01,2.58E+00,2.58E+00,1.00E-05,8.78E+01
2.50E-01,3.23E+00,3.23E+00,1.25E-05,8.84E+01
3.00E-01,3.87E+00,3.87E+00,1.50E-05,8.86E+01
3.50E-01,4.52E+00,4.52E+00,1.75E-05,8.88E+01
4.00E-01,5.16E+00,5.16E+00,2.00E-05,8.90E+01
4.50E-01,5.80E+00,5.80E+00,2.25E-05,8.91E+01
5.00E-01,6.45E+00,6.45E+00,2.50E-05,8.93E+01
5.00E-01,6.45E+00,6.45E+00,2.50E-05,8.95E+01
4.50E-01,5.80E+00,5.80E+00,2.25E-05,8.97E+01
4.00E-01,5.16E+00,5.16E+00,2.00E-05,8.99E+01
3.50E-01,4.52E+00,4.52E+00,1.75E-05,9.01E+01
3.00E-01,3.87E+00,3.87E+00,1.50E-05,9.03E+01
2.50E-01,3.23E+00,3.23E+00,1.25E-05,9.05E+01
2.00E-01,2.58E+00,2.58E+00,1.00E-05,9.06E+01
1.50E-01,1.94E+00,1.94E+00,7.51E-06,9.10E+01
1.00E-01,1.29E+00,1.29E+00,5.01E-06,9.12E+01
5.00E-02,6.47E-01,6.47E-01,2.51E-06,9.14E+01
0.00E+00,3.42E-05,3.42E-05,1.33E-10,9.20E+01
-5.00E-02,6.44E-01,-6.44E-01,-2.50E-06,9.28E+01
-1.00E-01,1.29E+00,-1.29E+00,-5.00E-06,9.30E+01
-1.50E-01,1.93E+00,-1.93E+00,-7.50E-06,9.32E+01
-2.00E-01,2.58E+00,-2.58E+00,-9.99E-06,9.33E+01
-2.50E-01,3.22E+00,-3.22E+00,-1.25E-05,9.39E+01
-3.00E-01,3.86E+00,-3.86E+00,-1.50E-05,9.41E+01
-3.50E-01,4.50E+00,-4.50E+00,-1.75E-05,9.43E+01
-4.00E-01,5.14E+00,-5.14E+00,-1.99E-05,9.45E+01
-4.50E-01,5.78E+00,-5.78E+00,-2.24E-05,9.47E+01
-5.00E-01,6.42E+00,-6.42E+00,-2.49E-05,9.49E+01
-5.00E-01,6.42E+00,-6.42E+00,-2.49E-05,9.51E+01
-4.50E-01,5.78E+00,-5.78E+00,-2.24E-05,9.52E+01
-4.00E-01,5.14E+00,-5.14E+00,-1.99E-05,9.54E+01
-3.50E-01,4.50E+00,-4.50E+00,-1.75E-05,9.56E+01
-3.00E-01,3.86E+00,-3.86E+00,-1.50E-05,9.58E+01
-2.50E-01,3.22E+00,-3.22E+00,-1.25E-05,9.60E+01
-2.00E-01,2.58E+00,-2.58E+00,-9.99E-06,9.64E+01
-1.50E-01,1.93E+00,-1.93E+00,-7.50E-06,9.66E+01
-1.00E-01,1.29E+00,-1.29E+00,-5.00E-06,9.68E+01
-5.00E-02,6.44E-01,-6.44E-01,-2.50E-06,9.69E+01
0.00E+00,9.15E-06,9.15E-06,3.55E-11,9.83E+01
0.00E+00,6.09E-06,6.09E-06,2.36E-11,9.88E+01
5.00E-02,6.47E-01,6.47E-01,2.51E-06,9.95E+01
1.00E-01,1.29E+00,1.29E+00,5.02E-06,9.97E+01
1.50E-01,1.94E+00,1.94E+00,7.52E-06,9.99E+01
2.00E-01,2.58E+00,2.58E+00,1.00E-05,1.00E+02
2.50E-01,3.23E+00,3.23E+00,1.25E-05,1.01E+02
3.00E-01,3.87E+00,3.87E+00,1.50E-05,1.01E+02
3.50E-01,4.52E+00,4.52E+00,1.75E-05,1.01E+02
4.00E-01,5.16E+00,5.16E+00,2.00E-05,1.01E+02
4.50E-01,5.81E+00,5.81E+00,2.25E-05,1.01E+02
5.00E-01,6.45E+00,6.45E+00,2.50E-05,1.02E+02
5.00E-01,6.45E+00,6.45E+00,2.50E-05,1.02E+02
4.50E-01,5.80E+00,5.80E+00,2.25E-05,1.02E+02
4.00E-01,5.16E+00,5.16E+00,2.00E-05,1.02E+02
3.50E-01,4.52E+00,4.52E+00,1.75E-05,1.02E+02
3.00E-01,3.87E+00,3.87E+00,1.50E-05,1.03E+02
2.50E-01,3.23E+00,3.23E+00,1.25E-05,1.03E+02
2.00E-01,2.58E+00,2.58E+00,1.00E-05,1.03E+02
1.50E-01,1.94E+00,1.94E+00,7.51E-06,1.03E+02
1.00E-01,1.29E+00,1.29E+00,5.01E-06,1.04E+02
5.00E-02,6.47E-01,6.47E-01,2.51E-06,1.04E+02
0.00E+00,4.16E-05,4.16E-05,1.61E-10,1.04E+02
-5.00E-02,6.44E-01,-6.44E-01,-2.50E-06,1.05E+02
-1.00E-01,1.29E+00,-1.29E+00,-5.00E-06,1.05E+02
-1.50E-01,1.93E+00,-1.93E+00,-7.49E-06,1.05E+02
-2.00E-01,2.57E+00,-2.57E+00,-9.99E-06,1.06E+02
-2.50E-01,3.22E+00,-3.22E+00,-1.25E-05,1.06E+02
-3.00E-01,3.86E+00,-3.86E+00,-1.50E-05,1.06E+02
-3.50E-01,4.50E+00,-4.50E+00,-1.75E-05,1.07E+02
-4.00E-01,5.14E+00,-5.14E+00,-1.99E-05,1.07E+02
-4.50E-01,5.78E+00,-5.78E+00,-2.24E-05,1.07E+02
-5.00E-01,6.42E+00,-6.42E+00,-2.49E-05,1.07E+02
-5.00E-01,6.42E+00,-6.42E+00,-2.49E-05,1.07E+02
-4.50E-01,5.78E+00,-5.78E+00,-2.24E-05,1.08E+02
-4.00E-01,5.14E+00,-5.14E+00,-1.99E-05,1.08E+02
-3.50E-01,4.50E+00,-4.50E+00,-1.75E-05,1.08E+02
-3.00E-01,3.86E+00,-3.86E+00,-1.50E-05,1.08E+02
-2.50E-01,3.22E+00,-3.22E+00,-1.25E-05,1.08E+02
-2.00E-01,2.58E+00,-2.58E+00,-9.99E-06,1.09E+02
-1.50E-01,1.93E+00,-1.93E+00,-7.50E-06,1.09E+02
-1.00E-01,1.29E+00,-1.29E+00,-5.00E-06,1.09E+02
-5.00E-02,6.44E-01,-6.44E-01,-2.50E-06,1.09E+02
0.00E+00,3.04E-05,3.04E-05,1.18E-10,1.10E+02
0.00E+00,2.86E-05,2.86E-05,1.11E-10,1.10E+02
5.00E-02,6.47E-01,6.47E-01,2.51E-06,1.11E+02
1.00E-01,1.29E+00,1.29E+00,5.02E-06,1.11E+02
1.50E-01,1.94E+00,1.94E+00,7.52E-06,1.11E+02
2.00E-01,2.58E+00,2.58E+00,1.00E-05,1.11E+02
2.50E-01,3.23E+00,3.23E+00,1.25E-05,1.12E+02
3.00E-01,3.87E+00,3.87E+00,1.50E-05,1.12E+02
3.50E-01,4.52E+00,4.52E+00,1.75E-05,1.12E+02
4.00E-01,5.16E+00,5.16E+00,2.00E-05,1.13E+02
4.50E-01,5.81E+00,5.81E+00,2.25E-05,1.13E+02
5.00E-01,6.45E+00,6.45E+00,2.50E-05,1.13E+02
5.00E-01,6.45E+00,6.45E+00,2.50E-05,1.13E+02
4.50E-01,5.80E+00,5.80E+00,2.25E-05,1.13E+02
4.00E-01,5.16E+00,5.16E+00,2.00E-05,1.13E+02
3.50E-01,4.52E+00,4.52E+00,1.75E-05,1.14E+02
3.00E-01,3.87E+00,3.87E+00,1.50E-05,1.14E+02
2.50E-01,3.23E+00,3.23E+00,1.25E-05,1.14E+02
2.00E-01,2.58E+00,2.58E+00,1.00E-05,1.14E+02
1.50E-01,1.94E+00,1.94E+00,7.52E-06,1.15E+02
1.00E-01,1.29E+00,1.29E+00,5.01E-06,1.15E+02
5.00E-02,6.47E-01,6.47E-01,2.51E-06,1.15E+02
0.00E+00,7.85E-06,7.85E-06,3.04E-11,1.16E+02
-5.00E-02,6.44E-01,-6.44E-01,-2.50E-06,1.17E+02
-1.00E-01,1.29E+00,-1.29E+00,-5.00E-06,1.17E+02
-1.50E-01,1.93E+00,-1.93E+00,-7.50E-06,1.17E+02
-2.00E-01,2.58E+00,-2.58E+00,-9.99E-06,1.18E+02
-2.50E-01,3.22E+00,-3.22E+00,-1.25E-05,1.18E+02
-3.00E-01,3.86E+00,-3.86E+00,-1.50E-05,1.18E+02
-3.50E-01,4.50E+00,-4.50E+00,-1.75E-05,1.19E+02
-4.00E-01,5.14E+00,-5.14E+00,-1.99E-05,1.19E+02
-4.50E-01,5.78E+00,-5.78E+00,-2.24E-05,1.19E+02
-5.00E-01,6.42E+00,-6.42E+00,-2.49E-05,1.19E+02
-5.00E-01,6.42E+00,-6.42E+00,-2.49E-05,1.19E+02
-4.50E-01,5.78E+00,-5.78E+00,-2.24E-05,1.19E+02
-4.00E-01,5.14E+00,-5.14E+00,-1.99E-05,1.20E+02
-3.50E-01,4.50E+00,-4.50E+00,-1.75E-05,1.20E+02
-3.00E-01,3.86E+00,-3.86E+00,-1.50E-05,1.20E+02
-2.50E-01,3.22E+00,-3.22E+00,-1.25E-05,1.20E+02
-2.00E-01,2.58E+00,-2.58E+00,-9.99E-06,1.21E+02
-1.50E-01,1.93E+00,-1.93E+00,-7.50E-06,1.21E+02
-1.00E-01,1.29E+00,-1.29E+00,-5.00E-06,1.21E+02
-5.00E-02,6.44E-01,-6.44E-01,-2.50E-06,1.21E+02
0.00E+00,4.05E-05,4.05E-05,1.57E-10,1.22E+02
0.00E+00,3.61E-05,3.61E-05,1.40E-10,0.00E+00
5.00E-02,6.53E-01,6.53E-01,2.53E-06,7.75E-01
1.00E-01,1.30E+00,1.30E+00,5.06E-06,9.64E-01
1.50E-01,1.96E+00,1.96E+00,7.58E-06,1.15E+00
2.00E-01,2.61E+00,2.61E+00,1.01E-05,1.34E+00
2.50E-01,3.25E+00,3.25E+00,1.26E-05,1.92E+00
3.00E-01,3.91E+00,3.91E+00,1.51E-05,2.10E+00
3.50E-01,4.56E+00,4.56E+00,1.77E-05,2.29E+00
4.00E-01,5.21E+00,5.21E+00,2.02E-05,2.48E+00
4.50E-01,5.85E+00,5.85E+00,2.27E-05,2.67E+00
5.00E-01,6.50E+00,6.50E+00,2.52E-05,2.86E+00
5.00E-01,6.50E+00,6.50E+00,2.52E-05,3.04E+00
4.50E-01,5.85E+00,5.85E+00,2.27E-05,3.23E+00
4.00E-01,5.20E+00,5.20E+00,2.02E-05,3.42E+00
3.50E-01,4.55E+00,4.55E+00,1.77E-05,3.61E+00
3.00E-01,3.90E+00,3.90E+00,1.51E-05,3.80E+00
2.50E-01,3.25E+00,3.25E+00,1.26E-05,3.98E+00
2.00E-01,2.60E+00,2.60E+00,1.01E-05,4.17E+00
1.50E-01,1.95E+00,1.95E+00,7.58E-06,4.55E+00
1.00E-01,1.30E+00,1.30E+00,5.06E-06,4.74E+00
5.00E-02,6.53E-01,6.53E-01,2.53E-06,4.93E+00
0.00E+00,3.42E-05,3.42E-05,1.33E-10,5.54E+00
-5.00E-02,6.50E-01,-6.50E-01,-2.52E-06,6.31E+00
-1.00E-01,1.30E+00,-1.30E+00,-5.05E-06,6.50E+00
-1.50E-01,1.95E+00,-1.95E+00,-7.57E-06,6.69E+00
-2.00E-01,2.60E+00,-2.60E+00,-1.01E-05,6.88E+00
-2.50E-01,3.25E+00,-3.25E+00,-1.26E-05,7.45E+00
-3.00E-01,3.90E+00,-3.90E+00,-1.51E-05,7.64E+00
-3.50E-01,4.55E+00,-4.55E+00,-1.76E-05,7.83E+00
-4.00E-01,5.19E+00,-5.19E+00,-2.01E-05,8.02E+00
-4.50E-01,5.84E+00,-5.84E+00,-2.27E-05,8.20E+00
-5.00E-01,6.49E+00,-6.49E+00,-2.52E-05,8.39E+00
-5.00E-01,6.49E+00,-6.49E+00,-2.52E-05,8.58E+00
-4.50E-01,5.84E+00,-5.84E+00,-2.27E-05,8.77E+00
-4.00E-01,5.20E+00,-5.20E+00,-2.02E-05,8.96E+00
-3.50E-01,4.55E+00,-4.55E+00,-1.76E-05,9.15E+00
-3.00E-01,3.90E+00,-3.90E+00,-1.51E-05,9.33E+00
-2.50E-01,3.25E+00,-3.25E+00,-1.26E-05,9.52E+00
-2.00E-01,2.60E+00,-2.60E+00,-1.01E-05,9.71E+00
-1.50E-01,1.95E+00,-1.95E+00,-7.57E-06,1.01E+01
-1.00E-01,1.30E+00,-1.30E+00,-5.05E-06,1.03E+01
-5.00E-02,6.50E-01,-6.50E-01,-2.52E-06,1.05E+01
0.00E+00,4.03E-05,4.03E-05,1.56E-10,1.11E+01
0.00E+00,5.88E-06,5.88E-06,2.28E-11,1.20E+01
5.00E-02,6.53E-01,6.53E-01,2.53E-06,1.27E+01
1.00E-01,1.31E+00,1.31E+00,5.06E-06,1.29E+01
1.50E-01,1.96E+00,1.96E+00,7.59E-06,1.31E+01
2.00E-01,2.61E+00,2.61E+00,1.01E-05,1.33E+01
2.50E-01,3.26E+00,3.26E+00,1.26E-05,1.39E+01
3.00E-01,3.91E+00,3.91E+00,1.52E-05,1.41E+01
3.50E-01,4.56E+00,4.56E+00,1.77E-05,1.43E+01
4.00E-01,5.21E+00,5.21E+00,2.02E-05,1.44E+01
4.50E-01,5.86E+00,5.86E+00,2.27E-05,1.46E+01
5.00E-01,6.50E+00,6.50E+00,2.52E-05,1.48E+01
5.00E-01,6.50E+00,6.50E+00,2.52E-05,1.50E+01
4.50E-01,5.85E+00,5.85E+00,2.27E-05,1.52E+01
4.00E-01,5.21E+00,5.21E+00,2.02E-05,1.54E+01
3.50E-01,4.56E+00,4.56E+00,1.77E-05,1.56E+01
3.00E-01,3.91E+00,3.91E+00,1.51E-05,1.58E+01
2.50E-01,3.26E+00,3.26E+00,1.26E-05,1.59E+01
2.00E-01,2.61E+00,2.61E+00,1.01E-05,1.61E+01
1.50E-01,1.96E+00,1.96E+00,7.59E-06,1.65E+01
1.00E-01,1.30E+00,1.30E+00,5.06E-06,1.67E+01
5.00E-02,6.53E-01,6.53E-01,2.53E-06,1.69E+01
0.00E+00,9.36E-06,9.36E-06,3.63E-11,1.82E+01
-5.00E-02,6.50E-01,-6.50E-01,-2.52E-06,1.90E+01
-1.00E-01,1.30E+00,-1.30E+00,-5.05E-06,1.92E+01
-1.50E-01,1.95E+00,-1.95E+00,-7.57E-06,1.93E+01
-2.00E-01,2.60E+00,-2.60E+00,-1.01E-05,1.95E+01
-2.50E-01,3.25E+00,-3.25E+00,-1.26E-05,2.01E+01
-3.00E-01,3.90E+00,-3.90E+00,-1.51E-05,2.03E+01
-3.50E-01,4.55E+00,-4.55E+00,-1.76E-05,2.05E+01
-4.00E-01,5.20E+00,-5.20E+00,-2.02E-05,2.07E+01
-4.50E-01,5.84E+00,-5.84E+00,-2.27E-05,2.09E+01
-5.00E-01,6.49E+00,-6.49E+00,-2.52E-05,2.11E+01
-5.00E-01,6.49E+00,-6.49E+00,-2.52E-05,2.12E+01
-4.50E-01,5.84E+00,-5.84E+00,-2.27E-05,2.14E+01
-4.00E-01,5.20E+00,-5.20E+00,-2.02E-05,2.16E+01
-3.50E-01,4.55E+00,-4.55E+00,-1.76E-05,2.18E+01
-3.00E-01,3.90E+00,-3.90E+00,-1.51E-05,2.20E+01
-2.50E-01,3.25E+00,-3.25E+00,-1.26E-05,2.22E+01
-2.00E-01,2.60E+00,-2.60E+00,-1.01E-05,2.24E+01
-1.50E-01,1.95E+00,-1.95E+00,-7.57E-06,2.28E+01
-1.00E-01,1.30E+00,-1.30E+00,-5.05E-06,2.29E+01
-5.00E-02,6.51E-01,-6.51E-01,-2.52E-06,2.31E+01
0.00E+00,7.76E-06,7.76E-06,3.01E-11,2.44E+01
0.00E+00,5.21E-06,5.21E-06,2.02E-11,2.50E+01
5.00E-02,6.53E-01,6.53E-01,2.53E-06,2.57E+01
1.00E-01,1.31E+00,1.31E+00,5.06E-06,2.59E+01
1.50E-01,1.96E+00,1.96E+00,7.59E-06,2.61E+01
2.00E-01,2.61E+00,2.61E+00,1.01E-05,2.63E+01
2.50E-01,3.26E+00,3.26E+00,1.26E-05,2.69E+01
3.00E-01,3.91E+00,3.91E+00,1.52E-05,2.71E+01
3.50E-01,4.56E+00,4.56E+00,1.77E-05,2.73E+01
4.00E-01,5.21E+00,5.21E+00,2.02E-05,2.74E+01
4.50E-01,5.86E+00,5.86E+00,2.27E-05,2.76E+01
5.00E-01,6.51E+00,6.51E+00,2.52E-05,2.78E+01
5.00E-01,6.51E+00,6.51E+00,2.52E-05,2.80E+01
4.50E-01,5.86E+00,5.86E+00,2.27E-05,2.82E+01
4.00E-01,5.21E+00,5.21E+00,2.02E-05,2.84E+01
3.50E-01,4.56E+00,4.56E+00,1.77E-05,2.86E+01
3.00E-01,3.91E+00,3.91E+00,1.52E-05,2.88E+01
2.50E-01,3.26E+00,3.26E+00,1.26E-05,2.89E+01
2.00E-01,2.61E+00,2.61E+00,1.01E-05,2.91E+01
1.50E-01,1.96E+00,1.96E+00,7.59E-06,2.95E+01
1.00E-01,1.30E+00,1.30E+00,5.06E-06,2.97E+01
5.00E-02,6.53E-01,6.53E-01,2.53E-06,2.99E+01
0.00E+00,3.99E-05,3.99E-05,1.55E-10,3.05E+01
-5.00E-02,6.50E-01,-6.50E-01,-2.52E-06,3.13E+01
-1.00E-01,1.30E+00,-1.30E+00,-5.05E-06,3.15E+01
-1.50E-01,1.95E+00,-1.95E+00,-7.57E-06,3.16E+01
-2.00E-01,2.60E+00,-2.60E+00,-1.01E-05,3.18E+01
-2.50E-01,3.25E+00,-3.25E+00,-1.26E-05,3.24E+01
-3.00E-01,3.90E+00,-3.90E+00,-1.51E-05,3.26E+01
-3.50E-01,4.55E+00,-4.55E+00,-1.76E-05,3.28E+01
-4.00E-01,5.20E+00,-5.20E+00,-2.02E-05,3.30E+01
-4.50E-01,5.84E+00,-5.84E+00,-2.27E-05,3.32E+01
-5.00E-01,6.49E+00,-6.49E+00,-2.52E-05,3.34E+01
-5.00E-01,6.49E+00,-6.49E+00,-2.52E-05,3.35E+01
-4.50E-01,5.85E+00,-5.85E+00,-2.27E-05,3.37E+01
-4.00E-01,5.20E+00,-5.20E+00,-2.02E-05,3.39E+01
-3.50E-01,4.55E+00,-4.55E+00,-1.76E-05,3.41E+01
-3.00E-01,3.90E+00,-3.90E+00,-1.51E-05,3.43E+01
-2.50E-01,3.25E+00,-3.25E+00,-1.26E-05,3.45E+01
-2.00E-01,2.60E+00,-2.60E+00,-1.01E-05,3.47E+01
-1.50E-01,1.95E+00,-1.95E+00,-7.58E-06,3.50E+01
-1.00E-01,1.30E+00,-1.30E+00,-5.05E-06,3.52E+01
-5.00E-02,6.51E-01,-6.51E-01,-2.52E-06,3.54E+01
0.00E+00,5.16E-06,5.16E-06,2.00E-11,3.67E+01
0.00E+00,6.17E-06,6.17E-06,2.39E-11,3.73E+01
5.00E-02,6.54E-01,6.54E-01,2.54E-06,3.80E+01
1.00E-01,1.31E+00,1.31E+00,5.06E-06,3.82E+01
1.50E-01,1.96E+00,1.96E+00,7.59E-06,3.84E+01
2.00E-01,2.61E+00,2.61E+00,1.01E-05,3.86E+01
2.50E-01,3.26E+00,3.26E+00,1.26E-05,3.92E+01
3.00E-01,3.91E+00,3.91E+00,1.52E-05,3.94E+01
3.50E-01,4.56E+00,4.56E+00,1.77E-05,3.95E+01
4.00E-01,5.21E+00,5.21E+00,2.02E-05,3.97E+01
4.50E-01,5.86E+00,5.86E+00,2.27E-05,3.99E+01
5.00E-01,6.51E+00,6.51E+00,2.52E-05,4.01E+01
5.00E-01,6.51E+00,6.51E+00,2.52E-05,4.03E+01
4.50E-01,5.86E+00,5.86E+00,2.27E-05,4.05E+01
4.00E-01,5.21E+00,5.21E+00,2.02E-05,4.07E+01
3.50E-01,4.56E+00,4.56E+00,1.77E-05,4.09E+01
3.00E-01,3.91E+00,3.91E+00,1.52E-05,4.11E+01
2.50E-01,3.26E+00,3.26E+00,1.26E-05,4.12E+01
2.00E-01,2.61E+00,2.61E+00,1.01E-05,4.14E+01
1.50E-01,1.96E+00,1.96E+00,7.59E-06,4.18E+01
1.00E-01,1.31E+00,1.31E+00,5.06E-06,4.20E+01
5.00E-02,6.53E-01,6.53E-01,2.53E-06,4.22E+01
0.00E+00,3.94E-05,3.94E-05,1.53E-10,4.28E+01
-5.00E-02,6.51E-01,-6.51E-01,-2.52E-06,4.36E+01
-1.00E-01,1.30E+00,-1.30E+00,-5.05E-06,4.38E+01
-1.50E-01,1.95E+00,-1.95E+00,-7.57E-06,4.39E+01
-2.00E-01,2.60E+00,-2.60E+00,-1.01E-05,4.41E+01
-2.50E-01,3.25E+00,-3.25E+00,-1.26E-05,4.47E+01
-3.00E-01,3.90E+00,-3.90E+00,-1.51E-05,4.49E+01
-3.50E-01,4.55E+00,-4.55E+00,-1.76E-05,4.51E+01
-4.00E-01,5.20E+00,-5.20E+00,-2.02E-05,4.53E+01
-4.50E-01,5.85E+00,-5.85E+00,-2.27E-05,4.55E+01
-5.00E-01,6.49E+00,-6.49E+00,-2.52E-05,4.56E+01
-5.00E-01,6.49E+00,-6.49E+00,-2.52E-05,4.58E+01
-4.50E-01,5.85E+00,-5.85E+00,-2.27E-05,4.60E+01
-4.00E-01,5.20E+00,-5.20E+00,-2.02E-05,4.62E+01
-3.50E-01,4.55E+00,-4.55E+00,-1.77E-05,4.64E+01
-3.00E-01,3.90E+00,-3.90E+00,-1.51E-05,4.66E+01
-2.50E-01,3.25E+00,-3.25E+00,-1.26E-05,4.68E+01
-2.00E-01,2.60E+00,-2.60E+00,-1.01E-05,4.70E+01
-1.50E-01,1.95E+00,-1.95E+00,-7.58E-06,4.73E+01
-1.00E-01,1.30E+00,-1.30E+00,-5.05E-06,4.75E+01
-5.00E-02,6.51E-01,-6.51E-01,-2.52E-06,4.77E+01
0.00E+00,8.26E-06,8.26E-06,3.20E-11,4.90E+01
0.00E+00,5.34E-06,5.34E-06,2.07E-11,4.96E+01
5.00E-02,6.54E-01,6.54E-01,2.54E-06,5.03E+01
1.00E-01,1.31E+00,1.31E+00,5.06E-06,5.05E+01
1.50E-01,1.96E+00,1.96E+00,7.59E-06,5.07E+01
2.00E-01,2.61E+00,2.61E+00,1.01E-05,5.09E+01
2.50E-01,3.26E+00,3.26E+00,1.26E-05,5.15E+01
3.00E-01,3.91E+00,3.91E+00,1.52E-05,5.17E+01
3.50E-01,4.56E+00,4.56E+00,1.77E-05,5.18E+01
4.00E-01,5.21E+00,5.21E+00,2.02E-05,5.20E+01
4.50E-01,5.86E+00,5.86E+00,2.27E-05,5.22E+01
5.00E-01,6.51E+00,6.51E+00,2.52E-05,5.24E+01
5.00E-01,6.51E+00,6.51E+00,2.52E-05,5.26E+01
4.50E-01,5.86E+00,5.86E+00,2.27E-05,5.28E+01
4.00E-01,5.21E+00,5.21E+00,2.02E-05,5.30E+01
3.50E-01,4.56E+00,4.56E+00,1.77E-05,5.32E+01
3.00E-01,3.91E+00,3.91E+00,1.52E-05,5.33E+01
2.50E-01,3.26E+00,3.26E+00,1.26E-05,5.35E+01
2.00E-01,2.61E+00,2.61E+00,1.01E-05,5.37E+01
1.50E-01,1.96E+00,1.96E+00,7.59E-06,5.41E+01
1.00E-01,1.31E+00,1.31E+00,5.06E-06,5.43E+01
5.00E-02,6.53E-01,6.53E-01,2.53E-06,5.45E+01
0.00E+00,5.46E-06,5.46E-06,2.12E-11,5.58E+01
-5.00E-02,6.51E-01,-6.51E-01,-2.52E-06,5.66E+01
-1.00E-01,1.30E+00,-1.30E+00,-5.05E-06,5.68E+01
-1.50E-01,1.95E+00,-1.95E+00,-7.58E-06,5.69E+01
-2.00E-01,2.60E+00,-2.60E+00,-1.01E-05,5.71E+01
-2.50E-01,3.25E+00,-3.25E+00,-1.26E-05,5.77E+01
-3.00E-01,3.90E+00,-3.90E+00,-1.51E-05,5.79E+01
-3.50E-01,4.55E+00,-4.55E+00,-1.76E-05,5.81E+01
-4.00E-01,5.20E+00,-5.20E+00,-2.02E-05,5.83E+01
-4.50E-01,5.85E+00,-5.85E+00,-2.27E-05,5.85E+01
-5.00E-01,6.49E+00,-6.49E+00,-2.52E-05,5.86E+01
-5.00E-01,6.49E+00,-6.49E+00,-2.52E-05,5.88E+01
-4.50E-01,5.85E+00,-5.85E+00,-2.27E-05,5.90E+01
-4.00E-01,5.20E+00,-5.20E+00,-2.02E-05,5.92E+01
-3.50E-01,4.55E+00,-4.55E+00,-1.77E-05,5.94E+01
-3.00E-01,3.90E+00,-3.90E+00,-1.51E-05,5.96E+01
-2.50E-01,3.25E+00,-3.25E+00,-1.26E-05,5.98E+01
-2.00E-01,2.60E+00,-2.60E+00,-1.01E-05,6.00E+01
-1.50E-01,1.95E+00,-1.95E+00,-7.58E-06,6.03E+01
-1.00E-01,1.30E+00,-1.30E+00,-5.05E-06,6.05E+01
-5.00E-02,6.51E-01,-6.51E-01,-2.52E-06,6.07E+01
0.00E+00,8.36E-06,8.36E-06,3.24E-11,6.20E+01
0.00E+00,5.19E-06,5.19E-06,2.01E-11,6.26E+01
5.00E-02,6.54E-01,6.54E-01,2.54E-06,6.33E+01
1.00E-01,1.31E+00,1.31E+00,5.07E-06,6.35E+01
1.50E-01,1.96E+00,1.96E+00,7.59E-06,6.37E+01
2.00E-01,2.61E+00,2.61E+00,1.01E-05,6.39E+01
2.50E-01,3.26E+00,3.26E+00,1.26E-05,6.45E+01
3.00E-01,3.91E+00,3.91E+00,1.52E-05,6.47E+01
3.50E-01,4.56E+00,4.56E+00,1.77E-05,6.48E+01
4.00E-01,5.21E+00,5.21E+00,2.02E-05,6.50E+01
4.50E-01,5.86E+00,5.86E+00,2.27E-05,6.52E+01
5.00E-01,6.51E+00,6.51E+00,2.52E-05,6.54E+01
5.00E-01,6.51E+00,6.51E+00,2.52E-05,6.56E+01
4.50E-01,5.86E+00,5.86E+00,2.27E-05,6.58E+01
4.00E-01,5.21E+00,5.21E+00,2.02E-05,6.60E+01
3.50E-01,4.56E+00,4.56E+00,1.77E-05,6.62E+01
3.00E-01,3.91E+00,3.91E+00,1.52E-05,6.63E+01
2.50E-01,3.26E+00,3.26E+00,1.26E-05,6.65E+01
2.00E-01,2.61E+00,2.61E+00,1.01E-05,6.67E+01
1.50E-01,1.96E+00,1.96E+00,7.59E-06,6.71E+01
1.00E-01,1.31E+00,1.31E+00,5.06E-06,6.73E+01
5.00E-02,6.53E-01,6.53E-01,2.53E-06,6.75E+01
0.00E+00,1.02E-05,1.02E-05,3.94E-11,6.88E+01
-5.00E-02,6.51E-01,-6.51E-01,-2.52E-06,6.96E+01
-1.00E-01,1.30E+00,-1.30E+00,-5.05E-06,6.97E+01
-1.50E-01,1.95E+00,-1.95E+00,-7.58E-06,6.99E+01
-2.00E-01,2.60E+00,-2.60E+00,-1.01E-05,7.01E+01
-2.50E-01,3.25E+00,-3.25E+00,-1.26E-05,7.07E+01
-3.00E-01,3.90E+00,-3.90E+00,-1.51E-05,7.09E+01
-3.50E-01,4.55E+00,-4.55E+00,-1.77E-05,7.11E+01
-4.00E-01,5.20E+00,-5.20E+00,-2.02E-05,7.13E+01
-4.50E-01,5.85E+00,-5.85E+00,-2.27E-05,7.15E+01
-5.00E-01,6.50E+00,-6.50E+00,-2.52E-05,7.16E+01
-5.00E-01,6.50E+00,-6.50E+00,-2.52E-05,7.18E+01
-4.50E-01,5.85E+00,-5.85E+00,-2.27E-05,7.20E+01
-4.00E-01,5.20E+00,-5.20E+00,-2.02E-05,7.22E+01
-3.50E-01,4.55E+00,-4.55E+00,-1.77E-05,7.24E+01
-3.00E-01,3.90E+00,-3.90E+00,-1.51E-05,7.26E+01
-2.50E-01,3.25E+00,-3.25E+00,-1.26E-05,7.28E+01
-2.00E-01,2.60E+00,-2.60E+00,-1.01E-05,7.30E+01
-1.50E-01,1.95E+00,-1.95E+00,-7.58E-06,7.33E+01
-1.00E-01,1.30E+00,-1.30E+00,-5.05E-06,7.35E+01
-5.00E-02,6.51E-01,-6.51E-01,-2.53E-06,7.37E+01
0.00E+00,3.68E-05,3.68E-05,1.43E-10,7.43E+01
0.00E+00,2.78E-05,2.78E-05,1.08E-10,7.45E+01
5.00E-02,6.54E-01,6.54E-01,2.54E-06,7.53E+01
1.00E-01,1.31E+00,1.31E+00,5.07E-06,7.55E+01
1.50E-01,1.96E+00,1.96E+00,7.60E-06,7.57E+01
2.00E-01,2.61E+00,2.61E+00,1.01E-05,7.58E+01
2.50E-01,3.26E+00,3.26E+00,1.26E-05,7.64E+01
3.00E-01,3.91E+00,3.91E+00,1.52E-05,7.66E+01
3.50E-01,4.56E+00,4.56E+00,1.77E-05,7.68E+01
4.00E-01,5.21E+00,5.21E+00,2.02E-05,7.70E+01
4.50E-01,5.86E+00,5.86E+00,2.27E-05,7.72E+01
5.00E-01,6.51E+00,6.51E+00,2.53E-05,7.74E+01
5.00E-01,6.51E+00,6.51E+00,2.53E-05,7.76E+01
4.50E-01,5.86E+00,5.86E+00,2.27E-05,7.77E+01
4.00E-01,5.21E+00,5.21E+00,2.02E-05,7.79E+01
3.50E-01,4.56E+00,4.56E+00,1.77E-05,7.81E+01
3.00E-01,3.91E+00,3.91E+00,1.52E-05,7.83E+01
2.50E-01,3.26E+00,3.26E+00,1.26E-05,7.85E+01
2.00E-01,2.61E+00,2.61E+00,1.01E-05,7.87E+01
1.50E-01,1.96E+00,1.96E+00,7.59E-06,7.91E+01
1.00E-01,1.31E+00,1.31E+00,5.07E-06,7.93E+01
5.00E-02,6.54E-01,6.54E-01,2.54E-06,7.94E+01
0.00E+00,9.83E-06,9.83E-06,3.81E-11,8.08E+01
-5.00E-02,6.51E-01,-6.51E-01,-2.52E-06,8.15E+01
-1.00E-01,1.30E+00,-1.30E+00,-5.05E-06,8.17E+01
-1.50E-01,1.95E+00,-1.95E+00,-7.58E-06,8.19E+01
-2.00E-01,2.60E+00,-2.60E+00,-1.01E-05,8.21E+01
-2.50E-01,3.25E+00,-3.25E+00,-1.26E-05,8.27E+01
-3.00E-01,3.90E+00,-3.90E+00,-1.51E-05,8.28E+01
-3.50E-01,4.55E+00,-4.55E+00,-1.77E-05,8.30E+01
-4.00E-01,5.20E+00,-5.20E+00,-2.02E-05,8.32E+01
-4.50E-01,5.85E+00,-5.85E+00,-2.27E-05,8.34E+01
-5.00E-01,6.50E+00,-6.50E+00,-2.52E-05,8.36E+01
-5.00E-01,6.50E+00,-6.50E+00,-2.52E-05,8.38E+01
-4.50E-01,5.85E+00,-5.85E+00,-2.27E-05,8.40E+01
-4.00E-01,5.20E+00,-5.20E+00,-2.02E-05,8.42E+01
-3.50E-01,4.55E+00,-4.55E+00,-1.77E-05,8.44E+01
-3.00E-01,3.90E+00,-3.90E+00,-1.51E-05,8.45E+01
-2.50E-01,3.25E+00,-3.25E+00,-1.26E-05,8.47E+01
-2.00E-01,2.61E+00,-2.61E+00,-1.01E-05,8.49E+01
-1.50E-01,1.95E+00,-1.95E+00,-7.58E-06,8.53E+01
-1.00E-01,1.30E+00,-1.30E+00,-5.06E-06,8.55E+01
-5.00E-02,6.51E-01,-6.51E-01,-2.53E-06,8.57E+01
0.00E+00,3.87E-05,3.87E-05,1.50E-10,8.63E+01
0.00E+00,5.86E-06,5.86E-06,2.27E-11,8.72E+01
5.00E-02,6.54E-01,6.54E-01,2.54E-06,8.79E+01
1.00E-01,1.31E+00,1.31E+00,5.07E-06,8.81E+01
1.50E-01,1.96E+00,1.96E+00,7.60E-06,8.83E+01
2.00E-01,2.61E+00,2.61E+00,1.01E-05,8.85E+01
2.50E-01,3.26E+00,3.26E+00,1.26E-05,8.91E+01
3.00E-01,3.91E+00,3.91E+00,1.52E-05,8.93E+01
3.50E-01,4.56E+00,4.56E+00,1.77E-05,8.95E+01
4.00E-01,5.21E+00,5.21E+00,2.02E-05,8.97E+01
4.50E-01,5.86E+00,5.86E+00,2.27E-05,8.98E+01
5.00E-01,6.51E+00,6.51E+00,2.53E-05,9.00E+01
5.00E-01,6.51E+00,6.51E+00,2.53E-05,9.02E+01
4.50E-01,5.86E+00,5.86E+00,2.27E-05,9.04E+01
4.00E-01,5.21E+00,5.21E+00,2.02E-05,9.06E+01
3.50E-01,4.56E+00,4.56E+00,1.77E-05,9.08E+01
3.00E-01,3.91E+00,3.91E+00,1.52E-05,9.10E+01
2.50E-01,3.26E+00,3.26E+00,1.26E-05,9.12E+01
2.00E-01,2.61E+00,2.61E+00,1.01E-05,9.13E+01
1.50E-01,1.96E+00,1.96E+00,7.59E-06,9.17E+01
1.00E-01,1.31E+00,1.31E+00,5.07E-06,9.19E+01
5.00E-02,6.54E-01,6.54E-01,2.54E-06,9.21E+01
0.00E+00,9.82E-06,9.82E-06,3.81E-11,9.34E+01
-5.00E-02,6.51E-01,-6.51E-01,-2.53E-06,9.42E+01
-1.00E-01,1.30E+00,-1.30E+00,-5.05E-06,9.44E+01
-1.50E-01,1.95E+00,-1.95E+00,-7.58E-06,9.46E+01
-2.00E-01,2.60E+00,-2.60E+00,-1.01E-05,9.47E+01
-2.50E-01,3.25E+00,-3.25E+00,-1.26E-05,9.53E+01
-3.00E-01,3.90E+00,-3.90E+00,-1.51E-05,9.55E+01
-3.50E-01,4.55E+00,-4.55E+00,-1.77E-05,9.57E+01
-4.00E-01,5.20E+00,-5.20E+00,-2.02E-05,9.59E+01
-4.50E-01,5.85E+00,-5.85E+00,-2.27E-05,9.61E+01
-5.00E-01,6.50E+00,-6.50E+00,-2.52E-05,9.63E+01
-5.00E-01,6.50E+00,-6.50E+00,-2.52E-05,9.65E+01
-4.50E-01,5.85E+00,-5.85E+00,-2.27E-05,9.66E+01
-4.00E-01,5.20E+00,-5.20E+00,-2.02E-05,9.68E+01
-3.50E-01,4.55E+00,-4.55E+00,-1.77E-05,9.70E+01
-3.00E-01,3.91E+00,-3.91E+00,-1.51E-05,9.72E+01
-2.50E-01,3.26E+00,-3.26E+00,-1.26E-05,9.74E+01
-2.00E-01,2.61E+00,-2.61E+00,-1.01E-05,9.76E+01
-1.50E-01,1.96E+00,-1.96E+00,-7.58E-06,9.80E+01
-1.00E-01,1.30E+00,-1.30E+00,-5.06E-06,9.81E+01
-5.00E-02,6.51E-01,-6.51E-01,-2.53E-06,9.83E+01
0.00E+00,3.83E-05,3.83E-05,1.48E-10,9.89E+01
0.00E+00,6.03E-06,6.03E-06,2.34E-11,9.98E+01
5.00E-02,6.54E-01,6.54E-01,2.54E-06,1.01E+02
1.00E-01,1.31E+00,1.31E+00,5.07E-06,1.01E+02
1.50E-01,1.96E+00,1.96E+00,7.60E-06,1.01E+02
2.00E-01,2.61E+00,2.61E+00,1.01E-05,1.01E+02
2.50E-01,3.26E+00,3.26E+00,1.26E-05,1.02E+02
3.00E-01,3.91E+00,3.91E+00,1.52E-05,1.02E+02
3.50E-01,4.56E+00,4.56E+00,1.77E-05,1.02E+02
4.00E-01,5.21E+00,5.21E+00,2.02E-05,1.02E+02
4.50E-01,5.86E+00,5.86E+00,2.27E-05,1.02E+02
5.00E-01,6.51E+00,6.51E+00,2.53E-05,1.03E+02
5.00E-01,6.51E+00,6.51E+00,2.53E-05,1.03E+02
4.50E-01,5.86E+00,5.86E+00,2.27E-05,1.03E+02
4.00E-01,5.21E+00,5.21E+00,2.02E-05,1.03E+02
3.50E-01,4.56E+00,4.56E+00,1.77E-05,1.03E+02
3.00E-01,3.91E+00,3.91E+00,1.52E-05,1.04E+02
2.50E-01,3.26E+00,3.26E+00,1.26E-05,1.04E+02
2.00E-01,2.61E+00,2.61E+00,1.01E-05,1.04E+02
1.50E-01,1.96E+00,1.96E+00,7.59E-06,1.04E+02
1.00E-01,1.31E+00,1.31E+00,5.07E-06,1.05E+02
5.00E-02,6.54E-01,6.54E-01,2.54E-06,1.05E+02
0.00E+00,1.03E-05,1.03E-05,3.99E-11,1.06E+02
-5.00E-02,6.51E-01,-6.51E-01,-2.53E-06,1.07E+02
-1.00E-01,1.30E+00,-1.30E+00,-5.05E-06,1.07E+02
-1.50E-01,1.95E+00,-1.95E+00,-7.58E-06,1.07E+02
-2.00E-01,2.60E+00,-2.60E+00,-1.01E-05,1.07E+02
-2.50E-01,3.25E+00,-3.25E+00,-1.26E-05,1.08E+02
-3.00E-01,3.90E+00,-3.90E+00,-1.51E-05,1.08E+02
-3.50E-01,4.55E+00,-4.55E+00,-1.77E-05,1.08E+02
-4.00E-01,5.20E+00,-5.20E+00,-2.02E-05,1.09E+02
-4.50E-01,5.85E+00,-5.85E+00,-2.27E-05,1.09E+02
-5.00E-01,6.50E+00,-6.50E+00,-2.52E-05,1.09E+02
-5.00E-01,6.50E+00,-6.50E+00,-2.52E-05,1.09E+02
-4.50E-01,5.85E+00,-5.85E+00,-2.27E-05,1.09E+02
-4.00E-01,5.20E+00,-5.20E+00,-2.02E-05,1.09E+02
-3.50E-01,4.55E+00,-4.55E+00,-1.77E-05,1.10E+02
-3.00E-01,3.90E+00,-3.90E+00,-1.51E-05,1.10E+02
-2.50E-01,3.25E+00,-3.25E+00,-1.26E-05,1.10E+02
-2.00E-01,2.61E+00,-2.61E+00,-1.01E-05,1.10E+02
-1.50E-01,1.96E+00,-1.96E+00,-7.58E-06,1.11E+02
-1.00E-01,1.30E+00,-1.30E+00,-5.06E-06,1.11E+02
-5.00E-02,6.51E-01,-6.51E-01,-2.53E-06,1.11E+02
0.00E+00,3.77E-05,3.77E-05,1.46E-10,1.12E+02
0.00E+00,6.31E-06,6.31E-06,2.45E-11,1.13E+02
5.00E-02,6.54E-01,6.54E-01,2.54E-06,1.13E+02
1.00E-01,1.31E+00,1.31E+00,5.07E-06,1.13E+02
1.50E-01,1.96E+00,1.96E+00,7.60E-06,1.14E+02
2.00E-01,2.61E+00,2.61E+00,1.01E-05,1.14E+02
2.50E-01,3.26E+00,3.26E+00,1.26E-05,1.14E+02
3.00E-01,3.91E+00,3.91E+00,1.52E-05,1.15E+02
3.50E-01,4.56E+00,4.56E+00,1.77E-05,1.15E+02
4.00E-01,5.21E+00,5.21E+00,2.02E-05,1.15E+02
4.50E-01,5.86E+00,5.86E+00,2.27E-05,1.15E+02
5.00E-01,6.51E+00,6.51E+00,2.53E-05,1.15E+02
5.00E-01,6.51E+00,6.51E+00,2.53E-05,1.16E+02
4.50E-01,5.86E+00,5.86E+00,2.27E-05,1.16E+02
4.00E-01,5.21E+00,5.21E+00,2.02E-05,1.16E+02
3.50E-01,4.56E+00,4.56E+00,1.77E-05,1.16E+02
3.00E-01,3.91E+00,3.91E+00,1.52E-05,1.16E+02
2.50E-01,3.26E+00,3.26E+00,1.26E-05,1.16E+02
2.00E-01,2.61E+00,2.61E+00,1.01E-05,1.17E+02
1.50E-01,1.96E+00,1.96E+00,7.59E-06,1.17E+02
1.00E-01,1.31E+00,1.31E+00,5.07E-06,1.17E+02
5.00E-02,6.54E-01,6.54E-01,2.54E-06,1.17E+02
0.00E+00,1.05E-05,1.05E-05,4.06E-11,1.19E+02
-5.00E-02,6.51E-01,-6.51E-01,-2.53E-06,1.20E+02
-1.00E-01,1.30E+00,-1.30E+00,-5.05E-06,1.20E+02
-1.50E-01,1.95E+00,-1.95E+00,-7.58E-06,1.20E+02
-2.00E-01,2.60E+00,-2.60E+00,-1.01E-05,1.20E+02
-2.50E-01,3.25E+00,-3.25E+00,-1.26E-05,1.21E+02
-3.00E-01,3.90E+00,-3.90E+00,-1.51E-05,1.21E+02
-3.50E-01,4.55E+00,-4.55E+00,-1.77E-05,1.21E+02
-4.00E-01,5.20E+00,-5.20E+00,-2.02E-05,1.21E+02
-4.50E-01,5.85E+00,-5.85E+00,-2.27E-05,1.21E+02
-5.00E-01,6.50E+00,-6.50E+00,-2.52E-05,1.22E+02
-5.00E-01,6.50E+00,-6.50E+00,-2.52E-05,1.22E+02
-4.50E-01,5.85E+00,-5.85E+00,-2.27E-05,1.22E+02
-4.00E-01,5.20E+00,-5.20E+00,-2.02E-05,1.22E+02
-3.50E-01,4.55E+00,-4.55E+00,-1.77E-05,1.22E+02
-3.00E-01,3.91E+00,-3.91E+00,-1.51E-05,1.23E+02
-2.50E-01,3.26E+00,-3.26E+00,-1.26E-05,1.23E+02
-2.00E-01,2.61E+00,-2.61E+00,-1.01E-05,1.23E+02
-1.50E-01,1.96E+00,-1.96E+00,-7.58E-06,1.23E+02
-1.00E-01,1.30E+00,-1.30E+00,-5.06E-06,1.23E+02
-5.00E-02,6.51E-01,-6.51E-01,-2.53E-06,1.24E+02
0.00E+00,3.94E-05,3.94E-05,1.53E-10,1.24E+02
0.00E+00,1.02E-05,1.02E-05,3.97E-11,0.00E+00
5.00E-02,6.50E-01,6.50E-01,2.52E-06,7.69E-01
1.00E-01,1.30E+00,1.30E+00,5.04E-06,9.57E-01
1.50E-01,1.95E+00,1.95E+00,7.55E-06,1.14E+00
2.00E-01,2.59E+00,2.59E+00,1.01E-05,1.33E+00
2.50E-01,3.24E+00,3.24E+00,1.26E-05,1.91E+00
3.00E-01,3.89E+00,3.89E+00,1.51E-05,2.10E+00
3.50E-01,4.54E+00,4.54E+00,1.76E-05,2.29E+00
4.00E-01,5.18E+00,5.18E+00,2.01E-05,2.47E+00
4.50E-01,5.83E+00,5.83E+00,2.26E-05,2.66E+00
5.00E-01,6.47E+00,6.47E+00,2.51E-05,2.85E+00
5.00E-01,6.47E+00,6.47E+00,2.51E-05,3.04E+00
4.50E-01,5.83E+00,5.83E+00,2.26E-05,3.23E+00
4.00E-01,5.18E+00,5.18E+00,2.01E-05,3.41E+00
3.50E-01,4.53E+00,4.53E+00,1.76E-05,3.60E+00
3.00E-01,3.89E+00,3.89E+00,1.51E-05,3.79E+00
2.50E-01,3.24E+00,3.24E+00,1.26E-05,3.98E+00
2.00E-01,2.59E+00,2.59E+00,1.01E-05,4.17E+00
1.50E-01,1.95E+00,1.95E+00,7.55E-06,4.55E+00
1.00E-01,1.30E+00,1.30E+00,5.04E-06,4.74E+00
5.00E-02,6.50E-01,6.50E-01,2.52E-06,4.92E+00
0.00E+00,7.67E-06,7.67E-06,2.97E-11,6.24E+00
-5.00E-02,6.47E-01,-6.47E-01,-2.51E-06,7.00E+00
-1.00E-01,1.30E+00,-1.30E+00,-5.02E-06,7.19E+00
-1.50E-01,1.94E+00,-1.94E+00,-7.53E-06,7.38E+00
-2.00E-01,2.59E+00,-2.59E+00,-1.00E-05,7.57E+00
-2.50E-01,3.23E+00,-3.23E+00,-1.25E-05,8.15E+00
-3.00E-01,3.88E+00,-3.88E+00,-1.51E-05,8.33E+00
-3.50E-01,4.53E+00,-4.53E+00,-1.76E-05,8.52E+00
-4.00E-01,5.17E+00,-5.17E+00,-2.01E-05,8.71E+00
-4.50E-01,5.82E+00,-5.82E+00,-2.26E-05,8.90E+00
-5.00E-01,6.46E+00,-6.46E+00,-2.51E-05,9.09E+00
-5.00E-01,6.46E+00,-6.46E+00,-2.51E-05,9.27E+00
-4.50E-01,5.82E+00,-5.82E+00,-2.26E-05,9.46E+00
-4.00E-01,5.17E+00,-5.17E+00,-2.01E-05,9.65E+00
-3.50E-01,4.53E+00,-4.53E+00,-1.76E-05,9.84E+00
-3.00E-01,3.88E+00,-3.88E+00,-1.51E-05,1.00E+01
-2.50E-01,3.24E+00,-3.24E+00,-1.26E-05,1.02E+01
-2.00E-01,2.59E+00,-2.59E+00,-1.00E-05,1.04E+01
-1.50E-01,1.94E+00,-1.94E+00,-7.54E-06,1.08E+01
-1.00E-01,1.30E+00,-1.30E+00,-5.03E-06,1.10E+01
-5.00E-02,6.47E-01,-6.47E-01,-2.51E-06,1.12E+01
0.00E+00,3.93E-05,3.93E-05,1.52E-10,1.18E+01
0.00E+00,6.14E-06,6.14E-06,2.38E-11,1.27E+01
5.00E-02,6.50E-01,6.50E-01,2.52E-06,1.34E+01
1.00E-01,1.30E+00,1.30E+00,5.04E-06,1.36E+01
1.50E-01,1.95E+00,1.95E+00,7.56E-06,1.38E+01
2.00E-01,2.60E+00,2.60E+00,1.01E-05,1.40E+01
2.50E-01,3.24E+00,3.24E+00,1.26E-05,1.46E+01
3.00E-01,3.89E+00,3.89E+00,1.51E-05,1.48E+01
3.50E-01,4.54E+00,4.54E+00,1.76E-05,1.49E+01
4.00E-01,5.19E+00,5.19E+00,2.01E-05,1.51E+01
4.50E-01,5.83E+00,5.83E+00,2.26E-05,1.53E+01
5.00E-01,6.48E+00,6.48E+00,2.51E-05,1.55E+01
5.00E-01,6.48E+00,6.48E+00,2.51E-05,1.57E+01
4.50E-01,5.83E+00,5.83E+00,2.26E-05,1.59E+01
4.00E-01,5.18E+00,5.18E+00,2.01E-05,1.61E+01
3.50E-01,4.54E+00,4.54E+00,1.76E-05,1.63E+01
3.00E-01,3.89E+00,3.89E+00,1.51E-05,1.65E+01
2.50E-01,3.24E+00,3.24E+00,1.26E-05,1.66E+01
2.00E-01,2.59E+00,2.59E+00,1.01E-05,1.68E+01
1.50E-01,1.95E+00,1.95E+00,7.55E-06,1.72E+01
1.00E-01,1.30E+00,1.30E+00,5.04E-06,1.74E+01
5.00E-02,6.50E-01,6.50E-01,2.52E-06,1.76E+01
0.00E+00,1.01E-05,1.01E-05,3.90E-11,1.89E+01
-5.00E-02,6.47E-01,-6.47E-01,-2.51E-06,1.97E+01
-1.00E-01,1.30E+00,-1.30E+00,-5.03E-06,1.99E+01
-1.50E-01,1.94E+00,-1.94E+00,-7.54E-06,2.00E+01
-2.00E-01,2.59E+00,-2.59E+00,-1.00E-05,2.02E+01
-2.50E-01,3.24E+00,-3.24E+00,-1.26E-05,2.08E+01
-3.00E-01,3.88E+00,-3.88E+00,-1.51E-05,2.10E+01
-3.50E-01,4.53E+00,-4.53E+00,-1.76E-05,2.12E+01
-4.00E-01,5.17E+00,-5.17E+00,-2.01E-05,2.14E+01
-4.50E-01,5.82E+00,-5.82E+00,-2.26E-05,2.16E+01
-5.00E-01,6.46E+00,-6.46E+00,-2.51E-05,2.17E+01
-5.00E-01,6.46E+00,-6.46E+00,-2.51E-05,2.19E+01
-4.50E-01,5.82E+00,-5.82E+00,-2.26E-05,2.21E+01
-4.00E-01,5.18E+00,-5.18E+00,-2.01E-05,2.23E+01
-3.50E-01,4.53E+00,-4.53E+00,-1.76E-05,2.25E+01
-3.00E-01,3.88E+00,-3.88E+00,-1.51E-05,2.27E+01
-2.50E-01,3.24E+00,-3.24E+00,-1.26E-05,2.29E+01
-2.00E-01,2.59E+00,-2.59E+00,-1.01E-05,2.31E+01
-1.50E-01,1.94E+00,-1.94E+00,-7.54E-06,2.34E+01
-1.00E-01,1.30E+00,-1.30E+00,-5.03E-06,2.36E+01
-5.00E-02,6.48E-01,-6.48E-01,-2.51E-06,2.38E+01
0.00E+00,2.78E-05,2.78E-05,1.08E-10,2.44E+01
0.00E+00,3.27E-05,3.27E-05,1.27E-10,2.46E+01
5.00E-02,6.51E-01,6.51E-01,2.52E-06,2.54E+01
1.00E-01,1.30E+00,1.30E+00,5.04E-06,2.56E+01
1.50E-01,1.95E+00,1.95E+00,7.56E-06,2.58E+01
2.00E-01,2.60E+00,2.60E+00,1.01E-05,2.60E+01
2.50E-01,3.24E+00,3.24E+00,1.26E-05,2.65E+01
3.00E-01,3.89E+00,3.89E+00,1.51E-05,2.67E+01
3.50E-01,4.54E+00,4.54E+00,1.76E-05,2.69E+01
4.00E-01,5.19E+00,5.19E+00,2.01E-05,2.71E+01
4.50E-01,5.83E+00,5.83E+00,2.26E-05,2.73E+01
5.00E-01,6.48E+00,6.48E+00,2.51E-05,2.75E+01
5.00E-01,6.48E+00,6.48E+00,2.51E-05,2.77E+01
4.50E-01,5.83E+00,5.83E+00,2.26E-05,2.78E+01
4.00E-01,5.19E+00,5.19E+00,2.01E-05,2.80E+01
3.50E-01,4.54E+00,4.54E+00,1.76E-05,2.82E+01
3.00E-01,3.89E+00,3.89E+00,1.51E-05,2.84E+01
2.50E-01,3.24E+00,3.24E+00,1.26E-05,2.86E+01
2.00E-01,2.59E+00,2.59E+00,1.01E-05,2.88E+01
1.50E-01,1.95E+00,1.95E+00,7.55E-06,2.92E+01
1.00E-01,1.30E+00,1.30E+00,5.04E-06,2.94E+01
5.00E-02,6.50E-01,6.50E-01,2.52E-06,2.95E+01
0.00E+00,7.56E-06,7.56E-06,2.93E-11,3.09E+01
-5.00E-02,6.48E-01,-6.48E-01,-2.51E-06,3.16E+01
-1.00E-01,1.30E+00,-1.30E+00,-5.03E-06,3.18E+01
-1.50E-01,1.94E+00,-1.94E+00,-7.54E-06,3.20E+01
-2.00E-01,2.59E+00,-2.59E+00,-1.00E-05,3.22E+01
-2.50E-01,3.24E+00,-3.24E+00,-1.26E-05,3.28E+01
-3.00E-01,3.88E+00,-3.88E+00,-1.51E-05,3.30E+01
-3.50E-01,4.53E+00,-4.53E+00,-1.76E-05,3.31E+01
-4.00E-01,5.17E+00,-5.17E+00,-2.01E-05,3.33E+01
-4.50E-01,5.82E+00,-5.82E+00,-2.26E-05,3.35E+01
-5.00E-01,6.46E+00,-6.46E+00,-2.51E-05,3.37E+01
-5.00E-01,6.46E+00,-6.46E+00,-2.51E-05,3.39E+01
-4.50E-01,5.82E+00,-5.82E+00,-2.26E-05,3.41E+01
-4.00E-01,5.18E+00,-5.18E+00,-2.01E-05,3.43E+01
-3.50E-01,4.53E+00,-4.53E+00,-1.76E-05,3.45E+01
-3.00E-01,3.88E+00,-3.88E+00,-1.51E-05,3.46E+01
-2.50E-01,3.24E+00,-3.24E+00,-1.26E-05,3.48E+01
-2.00E-01,2.59E+00,-2.59E+00,-1.01E-05,3.50E+01
-1.50E-01,1.94E+00,-1.94E+00,-7.54E-06,3.54E+01
-1.00E-01,1.30E+00,-1.30E+00,-5.03E-06,3.56E+01
-5.00E-02,6.48E-01,-6.48E-01,-2.51E-06,3.58E+01
0.00E+00,7.61E-06,7.61E-06,2.95E-11,3.71E+01
0.00E+00,5.33E-06,5.33E-06,2.07E-11,3.76E+01
5.00E-02,6.51E-01,6.51E-01,2.52E-06,3.84E+01
1.00E-01,1.30E+00,1.30E+00,5.04E-06,3.86E+01
1.50E-01,1.95E+00,1.95E+00,7.56E-06,3.88E+01
2.00E-01,2.60E+00,2.60E+00,1.01E-05,3.90E+01
2.50E-01,3.24E+00,3.24E+00,1.26E-05,3.95E+01
3.00E-01,3.89E+00,3.89E+00,1.51E-05,3.97E+01
3.50E-01,4.54E+00,4.54E+00,1.76E-05,3.99E+01
4.00E-01,5.19E+00,5.19E+00,2.01E-05,4.01E+01
4.50E-01,5.83E+00,5.83E+00,2.26E-05,4.03E+01
5.00E-01,6.48E+00,6.48E+00,2.51E-05,4.05E+01
5.00E-01,6.48E+00,6.48E+00,2.51E-05,4.07E+01
4.50E-01,5.83E+00,5.83E+00,2.26E-05,4.08E+01
4.00E-01,5.18E+00,5.18E+00,2.01E-05,4.10E+01
3.50E-01,4.54E+00,4.54E+00,1.76E-05,4.12E+01
3.00E-01,3.89E+00,3.89E+00,1.51E-05,4.14E+01
2.50E-01,3.24E+00,3.24E+00,1.26E-05,4.16E+01
2.00E-01,2.59E+00,2.59E+00,1.01E-05,4.18E+01
1.50E-01,1.95E+00,1.95E+00,7.55E-06,4.22E+01
1.00E-01,1.30E+00,1.30E+00,5.04E-06,4.24E+01
5.00E-02,6.50E-01,6.50E-01,2.52E-06,4.25E+01
0.00E+00,3.98E-05,3.98E-05,1.54E-10,4.31E+01
-5.00E-02,6.47E-01,-6.47E-01,-2.51E-06,4.39E+01
-1.00E-01,1.30E+00,-1.30E+00,-5.03E-06,4.41E+01
-1.50E-01,1.94E+00,-1.94E+00,-7.54E-06,4.43E+01
-2.00E-01,2.59E+00,-2.59E+00,-1.00E-05,4.45E+01
-2.50E-01,3.24E+00,-3.24E+00,-1.26E-05,4.51E+01
-3.00E-01,3.88E+00,-3.88E+00,-1.51E-05,4.53E+01
-3.50E-01,4.53E+00,-4.53E+00,-1.76E-05,4.54E+01
-4.00E-01,5.17E+00,-5.17E+00,-2.01E-05,4.56E+01
-4.50E-01,5.82E+00,-5.82E+00,-2.26E-05,4.58E+01
-5.00E-01,6.46E+00,-6.46E+00,-2.51E-05,4.60E+01
-5.00E-01,6.46E+00,-6.46E+00,-2.51E-05,4.62E+01
-4.50E-01,5.82E+00,-5.82E+00,-2.26E-05,4.64E+01
-4.00E-01,5.18E+00,-5.18E+00,-2.01E-05,4.66E+01
-3.50E-01,4.53E+00,-4.53E+00,-1.76E-05,4.68E+01
-3.00E-01,3.88E+00,-3.88E+00,-1.51E-05,4.69E+01
-2.50E-01,3.24E+00,-3.24E+00,-1.26E-05,4.71E+01
-2.00E-01,2.59E+00,-2.59E+00,-1.01E-05,4.73E+01
-1.50E-01,1.94E+00,-1.94E+00,-7.54E-06,4.77E+01
-1.00E-01,1.30E+00,-1.30E+00,-5.03E-06,4.79E+01
-5.00E-02,6.48E-01,-6.48E-01,-2.51E-06,4.81E+01
0.00E+00,2.70E-05,2.70E-05,1.05E-10,4.87E+01
0.00E+00,2.90E-05,2.90E-05,1.12E-10,4.89E+01
5.00E-02,6.51E-01,6.51E-01,2.52E-06,4.97E+01
1.00E-01,1.30E+00,1.30E+00,5.04E-06,4.98E+01
1.50E-01,1.95E+00,1.95E+00,7.56E-06,5.00E+01
2.00E-01,2.60E+00,2.60E+00,1.01E-05,5.02E+01
2.50E-01,3.24E+00,3.24E+00,1.26E-05,5.08E+01
3.00E-01,3.89E+00,3.89E+00,1.51E-05,5.10E+01
3.50E-01,4.54E+00,4.54E+00,1.76E-05,5.12E+01
4.00E-01,5.19E+00,5.19E+00,2.01E-05,5.14E+01
4.50E-01,5.83E+00,5.83E+00,2.26E-05,5.15E+01
5.00E-01,6.48E+00,6.48E+00,2.51E-05,5.17E+01
5.00E-01,6.48E+00,6.48E+00,2.51E-05,5.19E+01
4.50E-01,5.83E+00,5.83E+00,2.26E-05,5.21E+01
4.00E-01,5.19E+00,5.19E+00,2.01E-05,5.23E+01
3.50E-01,4.54E+00,4.54E+00,1.76E-05,5.25E+01
3.00E-01,3.89E+00,3.89E+00,1.51E-05,5.27E+01
2.50E-01,3.24E+00,3.24E+00,1.26E-05,5.29E+01
2.00E-01,2.59E+00,2.59E+00,1.01E-05,5.30E+01
1.50E-01,1.95E+00,1.95E+00,7.55E-06,5.34E+01
1.00E-01,1.30E+00,1.30E+00,5.04E-06,5.36E+01
5.00E-02,6.50E-01,6.50E-01,2.52E-06,5.38E+01
0.00E+00,3.68E-05,3.68E-05,1.43E-10,5.44E+01
-5.00E-02,6.48E-01,-6.48E-01,-2.51E-06,5.52E+01
-1.00E-01,1.30E+00,-1.30E+00,-5.03E-06,5.54E+01
-1.50E-01,1.94E+00,-1.94E+00,-7.54E-06,5.56E+01
-2.00E-01,2.59E+00,-2.59E+00,-1.00E-05,5.58E+01
-2.50E-01,3.24E+00,-3.24E+00,-1.26E-05,5.63E+01
-3.00E-01,3.88E+00,-3.88E+00,-1.51E-05,5.65E+01
-3.50E-01,4.53E+00,-4.53E+00,-1.76E-05,5.67E+01
-4.00E-01,5.17E+00,-5.17E+00,-2.01E-05,5.69E+01
-4.50E-01,5.82E+00,-5.82E+00,-2.26E-05,5.71E+01
-5.00E-01,6.46E+00,-6.46E+00,-2.51E-05,5.73E+01
-5.00E-01,6.46E+00,-6.46E+00,-2.51E-05,5.75E+01
-4.50E-01,5.82E+00,-5.82E+00,-2.26E-05,5.76E+01
-4.00E-01,5.18E+00,-5.18E+00,-2.01E-05,5.78E+01
-3.50E-01,4.53E+00,-4.53E+00,-1.76E-05,5.80E+01
-3.00E-01,3.88E+00,-3.88E+00,-1.51E-05,5.82E+01
-2.50E-01,3.24E+00,-3.24E+00,-1.26E-05,5.84E+01
-2.00E-01,2.59E+00,-2.59E+00,-1.01E-05,5.86E+01
-1.50E-01,1.94E+00,-1.94E+00,-7.54E-06,5.90E+01
-1.00E-01,1.30E+00,-1.30E+00,-5.03E-06,5.92E+01
-5.00E-02,6.48E-01,-6.48E-01,-2.51E-06,5.93E+01
0.00E+00,3.36E-05,3.36E-05,1.30E-10,5.99E+01
0.00E+00,2.63E-05,2.63E-05,1.02E-10,6.01E+01
5.00E-02,6.51E-01,6.51E-01,2.52E-06,6.09E+01
1.00E-01,1.30E+00,1.30E+00,5.04E-06,6.11E+01
1.50E-01,1.95E+00,1.95E+00,7.56E-06,6.13E+01
2.00E-01,2.60E+00,2.60E+00,1.01E-05,6.15E+01
2.50E-01,3.24E+00,3.24E+00,1.26E-05,6.21E+01
3.00E-01,3.89E+00,3.89E+00,1.51E-05,6.22E+01
3.50E-01,4.54E+00,4.54E+00,1.76E-05,6.24E+01
4.00E-01,5.19E+00,5.19E+00,2.01E-05,6.26E+01
4.50E-01,5.84E+00,5.84E+00,2.26E-05,6.28E+01
5.00E-01,6.48E+00,6.48E+00,2.51E-05,6.30E+01
5.00E-01,6.48E+00,6.48E+00,2.51E-05,6.32E+01
4.50E-01,5.83E+00,5.83E+00,2.26E-05,6.34E+01
4.00E-01,5.19E+00,5.19E+00,2.01E-05,6.36E+01
3.50E-01,4.54E+00,4.54E+00,1.76E-05,6.37E+01
3.00E-01,3.89E+00,3.89E+00,1.51E-05,6.39E+01
2.50E-01,3.24E+00,3.24E+00,1.26E-05,6.41E+01
2.00E-01,2.60E+00,2.60E+00,1.01E-05,6.43E+01
1.50E-01,1.95E+00,1.95E+00,7.56E-06,6.47E+01
1.00E-01,1.30E+00,1.30E+00,5.04E-06,6.49E+01
5.00E-02,6.51E-01,6.51E-01,2.52E-06,6.51E+01
0.00E+00,2.78E-05,2.78E-05,1.08E-10,6.57E+01
-5.00E-02,6.48E-01,-6.48E-01,-2.51E-06,6.64E+01
-1.00E-01,1.30E+00,-1.30E+00,-5.03E-06,6.66E+01
-1.50E-01,1.94E+00,-1.94E+00,-7.54E-06,6.68E+01
-2.00E-01,2.59E+00,-2.59E+00,-1.01E-05,6.70E+01
-2.50E-01,3.24E+00,-3.24E+00,-1.26E-05,6.76E+01
-3.00E-01,3.88E+00,-3.88E+00,-1.51E-05,6.78E+01
-3.50E-01,4.53E+00,-4.53E+00,-1.76E-05,6.80E+01
-4.00E-01,5.18E+00,-5.18E+00,-2.01E-05,6.82E+01
-4.50E-01,5.82E+00,-5.82E+00,-2.26E-05,6.83E+01
-5.00E-01,6.46E+00,-6.46E+00,-2.51E-05,6.85E+01
-5.00E-01,6.47E+00,-6.47E+00,-2.51E-05,6.87E+01
-4.50E-01,5.82E+00,-5.82E+00,-2.26E-05,6.89E+01
-4.00E-01,5.18E+00,-5.18E+00,-2.01E-05,6.91E+01
-3.50E-01,4.53E+00,-4.53E+00,-1.76E-05,6.93E+01
-3.00E-01,3.89E+00,-3.89E+00,-1.51E-05,6.95E+01
-2.50E-01,3.24E+00,-3.24E+00,-1.26E-05,6.97E+01
-2.00E-01,2.59E+00,-2.59E+00,-1.01E-05,6.98E+01
-1.50E-01,1.95E+00,-1.95E+00,-7.54E-06,7.02E+01
-1.00E-01,1.30E+00,-1.30E+00,-5.03E-06,7.04E+01
-5.00E-02,6.48E-01,-6.48E-01,-2.51E-06,7.06E+01
0.00E+00,3.89E-05,3.89E-05,1.51E-10,7.12E+01
0.00E+00,6.59E-06,6.59E-06,2.55E-11,7.21E+01
5.00E-02,6.51E-01,6.51E-01,2.52E-06,7.29E+01
1.00E-01,1.30E+00,1.30E+00,5.04E-06,7.31E+01
1.50E-01,1.95E+00,1.95E+00,7.56E-06,7.33E+01
2.00E-01,2.60E+00,2.60E+00,1.01E-05,7.34E+01
2.50E-01,3.24E+00,3.24E+00,1.26E-05,7.40E+01
3.00E-01,3.89E+00,3.89E+00,1.51E-05,7.42E+01
3.50E-01,4.54E+00,4.54E+00,1.76E-05,7.44E+01
4.00E-01,5.19E+00,5.19E+00,2.01E-05,7.46E+01
4.50E-01,5.83E+00,5.83E+00,2.26E-05,7.48E+01
5.00E-01,6.48E+00,6.48E+00,2.51E-05,7.50E+01
5.00E-01,6.48E+00,6.48E+00,2.51E-05,7.51E+01
4.50E-01,5.83E+00,5.83E+00,2.26E-05,7.53E+01
4.00E-01,5.19E+00,5.19E+00,2.01E-05,7.55E+01
3.50E-01,4.54E+00,4.54E+00,1.76E-05,7.57E+01
3.00E-01,3.89E+00,3.89E+00,1.51E-05,7.59E+01
2.50E-01,3.24E+00,3.24E+00,1.26E-05,7.61E+01
2.00E-01,2.60E+00,2.60E+00,1.01E-05,7.63E+01
1.50E-01,1.95E+00,1.95E+00,7.56E-06,7.67E+01
1.00E-01,1.30E+00,1.30E+00,5.04E-06,7.68E+01
5.00E-02,6.51E-01,6.51E-01,2.52E-06,7.70E+01
0.00E+00,1.08E-05,1.08E-05,4.20E-11,7.83E+01
-5.00E-02,6.48E-01,-6.48E-01,-2.51E-06,7.91E+01
-1.00E-01,1.30E+00,-1.30E+00,-5.03E-06,7.93E+01
-1.50E-01,1.94E+00,-1.94E+00,-7.54E-06,7.95E+01
-2.00E-01,2.59E+00,-2.59E+00,-1.00E-05,7.97E+01
-2.50E-01,3.24E+00,-3.24E+00,-1.26E-05,8.03E+01
-3.00E-01,3.88E+00,-3.88E+00,-1.51E-05,8.04E+01
-3.50E-01,4.53E+00,-4.53E+00,-1.76E-05,8.06E+01
-4.00E-01,5.18E+00,-5.18E+00,-2.01E-05,8.08E+01
-4.50E-01,5.82E+00,-5.82E+00,-2.26E-05,8.10E+01
-5.00E-01,6.46E+00,-6.46E+00,-2.51E-05,8.12E+01
-5.00E-01,6.46E+00,-6.46E+00,-2.51E-05,8.14E+01
-4.50E-01,5.82E+00,-5.82E+00,-2.26E-05,8.16E+01
-4.00E-01,5.18E+00,-5.18E+00,-2.01E-05,8.18E+01
-3.50E-01,4.53E+00,-4.53E+00,-1.76E-05,8.19E+01
-3.00E-01,3.89E+00,-3.89E+00,-1.51E-05,8.21E+01
-2.50E-01,3.24E+00,-3.24E+00,-1.26E-05,8.23E+01
-2.00E-01,2.59E+00,-2.59E+00,-1.01E-05,8.25E+01
-1.50E-01,1.95E+00,-1.95E+00,-7.54E-06,8.29E+01
-1.00E-01,1.30E+00,-1.30E+00,-5.03E-06,8.31E+01
-5.00E-02,6.48E-01,-6.48E-01,-2.51E-06,8.33E+01
0.00E+00,4.04E-05,4.04E-05,1.57E-10,8.39E+01
0.00E+00,2.62E-05,2.62E-05,1.02E-10,8.41E+01
5.00E-02,6.51E-01,6.51E-01,2.52E-06,8.48E+01
1.00E-01,1.30E+00,1.30E+00,5.04E-06,8.50E+01
1.50E-01,1.95E+00,1.95E+00,7.56E-06,8.52E+01
2.00E-01,2.60E+00,2.60E+00,1.01E-05,8.54E+01
2.50E-01,3.24E+00,3.24E+00,1.26E-05,8.60E+01
3.00E-01,3.89E+00,3.89E+00,1.51E-05,8.62E+01
3.50E-01,4.54E+00,4.54E+00,1.76E-05,8.64E+01
4.00E-01,5.19E+00,5.19E+00,2.01E-05,8.65E+01
4.50E-01,5.84E+00,5.84E+00,2.26E-05,8.67E+01
5.00E-01,6.48E+00,6.48E+00,2.51E-05,8.69E+01
5.00E-01,6.48E+00,6.48E+00,2.51E-05,8.71E+01
4.50E-01,5.83E+00,5.83E+00,2.26E-05,8.73E+01
4.00E-01,5.19E+00,5.19E+00,2.01E-05,8.75E+01
3.50E-01,4.54E+00,4.54E+00,1.76E-05,8.77E+01
3.00E-01,3.89E+00,3.89E+00,1.51E-05,8.79E+01
2.50E-01,3.24E+00,3.24E+00,1.26E-05,8.80E+01
2.00E-01,2.60E+00,2.60E+00,1.01E-05,8.82E+01
1.50E-01,1.95E+00,1.95E+00,7.56E-06,8.86E+01
1.00E-01,1.30E+00,1.30E+00,5.04E-06,8.88E+01
5.00E-02,6.51E-01,6.51E-01,2.52E-06,8.90E+01
0.00E+00,1.02E-05,1.02E-05,3.95E-11,9.03E+01
-5.00E-02,6.48E-01,-6.48E-01,-2.51E-06,9.11E+01
-1.00E-01,1.30E+00,-1.30E+00,-5.03E-06,9.13E+01
-1.50E-01,1.94E+00,-1.94E+00,-7.54E-06,9.14E+01
-2.00E-01,2.59E+00,-2.59E+00,-1.00E-05,9.16E+01
-2.50E-01,3.24E+00,-3.24E+00,-1.26E-05,9.22E+01
-3.00E-01,3.88E+00,-3.88E+00,-1.51E-05,9.24E+01
-3.50E-01,4.53E+00,-4.53E+00,-1.76E-05,9.26E+01
-4.00E-01,5.18E+00,-5.18E+00,-2.01E-05,9.28E+01
-4.50E-01,5.82E+00,-5.82E+00,-2.26E-05,9.30E+01
-5.00E-01,6.46E+00,-6.46E+00,-2.51E-05,9.32E+01
-5.00E-01,6.46E+00,-6.46E+00,-2.51E-05,9.33E+01
-4.50E-01,5.82E+00,-5.82E+00,-2.26E-05,9.35E+01
-4.00E-01,5.18E+00,-5.18E+00,-2.01E-05,9.37E+01
-3.50E-01,4.53E+00,-4.53E+00,-1.76E-05,9.39E+01
-3.00E-01,3.89E+00,-3.89E+00,-1.51E-05,9.41E+01
-2.50E-01,3.24E+00,-3.24E+00,-1.26E-05,9.43E+01
-2.00E-01,2.59E+00,-2.59E+00,-1.01E-05,9.45E+01
-1.50E-01,1.95E+00,-1.95E+00,-7.54E-06,9.49E+01
-1.00E-01,1.30E+00,-1.30E+00,-5.03E-06,9.50E+01
-5.00E-02,6.48E-01,-6.48E-01,-2.51E-06,9.52E+01
0.00E+00,3.06E-05,3.06E-05,1.19E-10,9.58E+01
0.00E+00,3.27E-05,3.27E-05,1.27E-10,9.60E+01
5.00E-02,6.51E-01,6.51E-01,2.52E-06,9.68E+01
1.00E-01,1.30E+00,1.30E+00,5.04E-06,9.70E+01
1.50E-01,1.95E+00,1.95E+00,7.56E-06,9.72E+01
2.00E-01,2.60E+00,2.60E+00,1.01E-05,9.74E+01
2.50E-01,3.24E+00,3.24E+00,1.26E-05,9.79E+01
3.00E-01,3.89E+00,3.89E+00,1.51E-05,9.81E+01
3.50E-01,4.54E+00,4.54E+00,1.76E-05,9.83E+01
4.00E-01,5.19E+00,5.19E+00,2.01E-05,9.85E+01
4.50E-01,5.83E+00,5.83E+00,2.26E-05,9.87E+01
5.00E-01,6.48E+00,6.48E+00,2.51E-05,9.89E+01
5.00E-01,6.48E+00,6.48E+00,2.51E-05,9.91E+01
4.50E-01,5.83E+00,5.83E+00,2.26E-05,9.93E+01
4.00E-01,5.19E+00,5.19E+00,2.01E-05,9.94E+01
3.50E-01,4.54E+00,4.54E+00,1.76E-05,9.96E+01
3.00E-01,3.89E+00,3.89E+00,1.51E-05,9.98E+01
2.50E-01,3.24E+00,3.24E+00,1.26E-05,1.00E+02
2.00E-01,2.60E+00,2.60E+00,1.01E-05,1.00E+02
1.50E-01,1.95E+00,1.95E+00,7.56E-06,1.01E+02
1.00E-01,1.30E+00,1.30E+00,5.04E-06,1.01E+02
5.00E-02,6.51E-01,6.51E-01,2.52E-06,1.01E+02
0.00E+00,1.05E-05,1.05E-05,4.06E-11,1.02E+02
-5.00E-02,6.48E-01,-6.48E-01,-2.51E-06,1.03E+02
-1.00E-01,1.30E+00,-1.30E+00,-5.03E-06,1.03E+02
-1.50E-01,1.94E+00,-1.94E+00,-7.54E-06,1.03E+02
-2.00E-01,2.59E+00,-2.59E+00,-1.00E-05,1.04E+02
-2.50E-01,3.24E+00,-3.24E+00,-1.26E-05,1.04E+02
-3.00E-01,3.88E+00,-3.88E+00,-1.51E-05,1.04E+02
-3.50E-01,4.53E+00,-4.53E+00,-1.76E-05,1.05E+02
-4.00E-01,5.18E+00,-5.18E+00,-2.01E-05,1.05E+02
-4.50E-01,5.82E+00,-5.82E+00,-2.26E-05,1.05E+02
-5.00E-01,6.46E+00,-6.46E+00,-2.51E-05,1.05E+02
-5.00E-01,6.46E+00,-6.46E+00,-2.51E-05,1.05E+02
-4.50E-01,5.82E+00,-5.82E+00,-2.26E-05,1.05E+02
-4.00E-01,5.18E+00,-5.18E+00,-2.01E-05,1.06E+02
-3.50E-01,4.53E+00,-4.53E+00,-1.76E-05,1.06E+02
-3.00E-01,3.89E+00,-3.89E+00,-1.51E-05,1.06E+02
-2.50E-01,3.24E+00,-3.24E+00,-1.26E-05,1.06E+02
-2.00E-01,2.59E+00,-2.59E+00,-1.01E-05,1.06E+02
-1.50E-01,1.95E+00,-1.95E+00,-7.55E-06,1.07E+02
-1.00E-01,1.30E+00,-1.30E+00,-5.03E-06,1.07E+02
-5.00E-02,6.48E-01,-6.48E-01,-2.51E-06,1.07E+02
0.00E+00,7.52E-06,7.52E-06,2.92E-11,1.09E+02
0.00E+00,5.28E-06,5.28E-06,2.05E-11,1.09E+02
5.00E-02,6.51E-01,6.51E-01,2.53E-06,1.10E+02
1.00E-01,1.30E+00,1.30E+00,5.04E-06,1.10E+02
1.50E-01,1.95E+00,1.95E+00,7.56E-06,1.10E+02
2.00E-01,2.60E+00,2.60E+00,1.01E-05,1.10E+02
2.50E-01,3.25E+00,3.25E+00,1.26E-05,1.11E+02
3.00E-01,3.89E+00,3.89E+00,1.51E-05,1.11E+02
3.50E-01,4.54E+00,4.54E+00,1.76E-05,1.11E+02
4.00E-01,5.19E+00,5.19E+00,2.01E-05,1.11E+02
4.50E-01,5.84E+00,5.84E+00,2.26E-05,1.12E+02
5.00E-01,6.48E+00,6.48E+00,2.51E-05,1.12E+02
5.00E-01,6.48E+00,6.48E+00,2.51E-05,1.12E+02
4.50E-01,5.83E+00,5.83E+00,2.26E-05,1.12E+02
4.00E-01,5.19E+00,5.19E+00,2.01E-05,1.12E+02
3.50E-01,4.54E+00,4.54E+00,1.76E-05,1.13E+02
3.00E-01,3.89E+00,3.89E+00,1.51E-05,1.13E+02
2.50E-01,3.24E+00,3.24E+00,1.26E-05,1.13E+02
2.00E-01,2.60E+00,2.60E+00,1.01E-05,1.13E+02
1.50E-01,1.95E+00,1.95E+00,7.56E-06,1.14E+02
1.00E-01,1.30E+00,1.30E+00,5.04E-06,1.14E+02
5.00E-02,6.51E-01,6.51E-01,2.52E-06,1.14E+02
0.00E+00,3.27E-05,3.27E-05,1.27E-10,1.15E+02
-5.00E-02,6.48E-01,-6.48E-01,-2.51E-06,1.15E+02
-1.00E-01,1.30E+00,-1.30E+00,-5.03E-06,1.16E+02
-1.50E-01,1.94E+00,-1.94E+00,-7.54E-06,1.16E+02
-2.00E-01,2.59E+00,-2.59E+00,-1.01E-05,1.16E+02
-2.50E-01,3.24E+00,-3.24E+00,-1.26E-05,1.16E+02
-3.00E-01,3.88E+00,-3.88E+00,-1.51E-05,1.17E+02
-3.50E-01,4.53E+00,-4.53E+00,-1.76E-05,1.17E+02
-4.00E-01,5.18E+00,-5.18E+00,-2.01E-05,1.17E+02
-4.50E-01,5.82E+00,-5.82E+00,-2.26E-05,1.17E+02
-5.00E-01,6.47E+00,-6.47E+00,-2.51E-05,1.17E+02
-5.00E-01,6.47E+00,-6.47E+00,-2.51E-05,1.18E+02
-4.50E-01,5.82E+00,-5.82E+00,-2.26E-05,1.18E+02
-4.00E-01,5.18E+00,-5.18E+00,-2.01E-05,1.18E+02
-3.50E-01,4.53E+00,-4.53E+00,-1.76E-05,1.18E+02
-3.00E-01,3.89E+00,-3.89E+00,-1.51E-05,1.18E+02
-2.50E-01,3.24E+00,-3.24E+00,-1.26E-05,1.19E+02
-2.00E-01,2.59E+00,-2.59E+00,-1.01E-05,1.19E+02
-1.50E-01,1.95E+00,-1.95E+00,-7.55E-06,1.19E+02
-1.00E-01,1.30E+00,-1.30E+00,-5.03E-06,1.19E+02
-5.00E-02,6.48E-01,-6.48E-01,-2.51E-06,1.19E+02
0.00E+00,7.82E-06,7.82E-06,3.03E-11,1.21E+02
0.00E+00,7.58E-06,7.58E-06,2.94E-11,0.00E+00
5.00E-02,6.52E-01,6.52E-01,2.53E-06,7.70E-01
1.00E-01,1.30E+00,1.30E+00,5.05E-06,9.57E-01
1.50E-01,1.95E+00,1.95E+00,7.58E-06,1.15E+00
2.00E-01,2.60E+00,2.60E+00,1.01E-05,1.33E+00
2.50E-01,3.25E+00,3.25E+00,1.26E-05,1.91E+00
3.00E-01,3.90E+00,3.90E+00,1.51E-05,2.10E+00
3.50E-01,4.55E+00,4.55E+00,1.76E-05,2.29E+00
4.00E-01,5.20E+00,5.20E+00,2.02E-05,2.47E+00
4.50E-01,5.85E+00,5.85E+00,2.27E-05,2.66E+00
5.00E-01,6.49E+00,6.49E+00,2.52E-05,2.85E+00
5.00E-01,6.49E+00,6.49E+00,2.52E-05,3.04E+00
4.50E-01,5.85E+00,5.85E+00,2.27E-05,3.23E+00
4.00E-01,5.20E+00,5.20E+00,2.02E-05,3.41E+00
3.50E-01,4.55E+00,4.55E+00,1.76E-05,3.60E+00
3.00E-01,3.90E+00,3.90E+00,1.51E-05,3.79E+00
2.50E-01,3.25E+00,3.25E+00,1.26E-05,3.98E+00
2.00E-01,2.60E+00,2.60E+00,1.01E-05,4.17E+00
1.50E-01,1.95E+00,1.95E+00,7.57E-06,4.55E+00
1.00E-01,1.30E+00,1.30E+00,5.05E-06,4.74E+00
5.00E-02,6.52E-01,6.52E-01,2.53E-06,4.92E+00
0.00E+00,1.03E-05,1.03E-05,3.99E-11,6.24E+00
-5.00E-02,6.49E-01,-6.49E-01,-2.52E-06,7.01E+00
-1.00E-01,1.30E+00,-1.30E+00,-5.04E-06,7.19E+00
-1.50E-01,1.95E+00,-1.95E+00,-7.56E-06,7.38E+00
-2.00E-01,2.60E+00,-2.60E+00,-1.01E-05,7.57E+00
-2.50E-01,3.25E+00,-3.25E+00,-1.26E-05,8.15E+00
-3.00E-01,3.90E+00,-3.90E+00,-1.51E-05,8.33E+00
-3.50E-01,4.54E+00,-4.54E+00,-1.76E-05,8.52E+00
-4.00E-01,5.19E+00,-5.19E+00,-2.01E-05,8.71E+00
-4.50E-01,5.84E+00,-5.84E+00,-2.26E-05,8.90E+00
-5.00E-01,6.49E+00,-6.49E+00,-2.52E-05,9.09E+00
-5.00E-01,6.49E+00,-6.49E+00,-2.52E-05,9.27E+00
-4.50E-01,5.84E+00,-5.84E+00,-2.26E-05,9.46E+00
-4.00E-01,5.19E+00,-5.19E+00,-2.01E-05,9.65E+00
-3.50E-01,4.55E+00,-4.55E+00,-1.76E-05,9.84E+00
-3.00E-01,3.90E+00,-3.90E+00,-1.51E-05,1.00E+01
-2.50E-01,3.25E+00,-3.25E+00,-1.26E-05,1.02E+01
-2.00E-01,2.60E+00,-2.60E+00,-1.01E-05,1.04E+01
-1.50E-01,1.95E+00,-1.95E+00,-7.57E-06,1.08E+01
-1.00E-01,1.30E+00,-1.30E+00,-5.05E-06,1.10E+01
-5.00E-02,6.50E-01,-6.50E-01,-2.52E-06,1.12E+01
0.00E+00,8.48E-06,8.48E-06,3.29E-11,1.25E+01
0.00E+00,5.20E-06,5.20E-06,2.02E-11,1.30E+01
5.00E-02,6.53E-01,6.53E-01,2.53E-06,1.38E+01
1.00E-01,1.30E+00,1.30E+00,5.06E-06,1.40E+01
1.50E-01,1.95E+00,1.95E+00,7.58E-06,1.41E+01
2.00E-01,2.60E+00,2.60E+00,1.01E-05,1.43E+01
2.50E-01,3.25E+00,3.25E+00,1.26E-05,1.49E+01
3.00E-01,3.90E+00,3.90E+00,1.51E-05,1.51E+01
3.50E-01,4.55E+00,4.55E+00,1.77E-05,1.53E+01
4.00E-01,5.20E+00,5.20E+00,2.02E-05,1.55E+01
4.50E-01,5.85E+00,5.85E+00,2.27E-05,1.57E+01
5.00E-01,6.50E+00,6.50E+00,2.52E-05,1.58E+01
5.00E-01,6.50E+00,6.50E+00,2.52E-05,1.60E+01
4.50E-01,5.85E+00,5.85E+00,2.27E-05,1.62E+01
4.00E-01,5.20E+00,5.20E+00,2.02E-05,1.64E+01
3.50E-01,4.55E+00,4.55E+00,1.77E-05,1.66E+01
3.00E-01,3.90E+00,3.90E+00,1.51E-05,1.68E+01
2.50E-01,3.25E+00,3.25E+00,1.26E-05,1.70E+01
2.00E-01,2.60E+00,2.60E+00,1.01E-05,1.72E+01
1.50E-01,1.95E+00,1.95E+00,7.58E-06,1.75E+01
1.00E-01,1.30E+00,1.30E+00,5.06E-06,1.77E+01
5.00E-02,6.53E-01,6.53E-01,2.53E-06,1.79E+01
0.00E+00,4.01E-05,4.01E-05,1.55E-10,1.85E+01
-5.00E-02,6.50E-01,-6.50E-01,-2.52E-06,1.93E+01
-1.00E-01,1.30E+00,-1.30E+00,-5.04E-06,1.95E+01
-1.50E-01,1.95E+00,-1.95E+00,-7.57E-06,1.97E+01
-2.00E-01,2.60E+00,-2.60E+00,-1.01E-05,1.99E+01
-2.50E-01,3.25E+00,-3.25E+00,-1.26E-05,2.04E+01
-3.00E-01,3.90E+00,-3.90E+00,-1.51E-05,2.06E+01
-3.50E-01,4.55E+00,-4.55E+00,-1.76E-05,2.08E+01
-4.00E-01,5.19E+00,-5.19E+00,-2.01E-05,2.10E+01
-4.50E-01,5.84E+00,-5.84E+00,-2.27E-05,2.12E+01
-5.00E-01,6.49E+00,-6.49E+00,-2.52E-05,2.14E+01
-5.00E-01,6.49E+00,-6.49E+00,-2.52E-05,2.16E+01
-4.50E-01,5.84E+00,-5.84E+00,-2.27E-05,2.18E+01
-4.00E-01,5.20E+00,-5.20E+00,-2.02E-05,2.19E+01
-3.50E-01,4.55E+00,-4.55E+00,-1.76E-05,2.21E+01
-3.00E-01,3.90E+00,-3.90E+00,-1.51E-05,2.23E+01
-2.50E-01,3.25E+00,-3.25E+00,-1.26E-05,2.25E+01
-2.00E-01,2.60E+00,-2.60E+00,-1.01E-05,2.27E+01
-1.50E-01,1.95E+00,-1.95E+00,-7.57E-06,2.31E+01
-1.00E-01,1.30E+00,-1.30E+00,-5.05E-06,2.33E+01
-5.00E-02,6.50E-01,-6.50E-01,-2.52E-06,2.35E+01
0.00E+00,3.39E-05,3.39E-05,1.31E-10,2.41E+01
0.00E+00,2.62E-05,2.62E-05,1.02E-10,2.43E+01
5.00E-02,6.53E-01,6.53E-01,2.53E-06,2.50E+01
1.00E-01,1.30E+00,1.30E+00,5.06E-06,2.52E+01
1.50E-01,1.96E+00,1.96E+00,7.59E-06,2.54E+01
2.00E-01,2.61E+00,2.61E+00,1.01E-05,2.56E+01
2.50E-01,3.25E+00,3.25E+00,1.26E-05,2.62E+01
3.00E-01,3.90E+00,3.90E+00,1.51E-05,2.64E+01
3.50E-01,4.55E+00,4.55E+00,1.77E-05,2.65E+01
4.00E-01,5.20E+00,5.20E+00,2.02E-05,2.67E+01
4.50E-01,5.85E+00,5.85E+00,2.27E-05,2.69E+01
5.00E-01,6.50E+00,6.50E+00,2.52E-05,2.71E+01
5.00E-01,6.50E+00,6.50E+00,2.52E-05,2.73E+01
4.50E-01,5.85E+00,5.85E+00,2.27E-05,2.75E+01
4.00E-01,5.20E+00,5.20E+00,2.02E-05,2.77E+01
3.50E-01,4.55E+00,4.55E+00,1.77E-05,2.79E+01
3.00E-01,3.90E+00,3.90E+00,1.51E-05,2.80E+01
2.50E-01,3.25E+00,3.25E+00,1.26E-05,2.82E+01
2.00E-01,2.60E+00,2.60E+00,1.01E-05,2.84E+01
1.50E-01,1.95E+00,1.95E+00,7.58E-06,2.88E+01
1.00E-01,1.30E+00,1.30E+00,5.06E-06,2.90E+01
5.00E-02,6.53E-01,6.53E-01,2.53E-06,2.92E+01
0.00E+00,9.62E-06,9.62E-06,3.73E-11,3.05E+01
-5.00E-02,6.50E-01,-6.50E-01,-2.52E-06,3.13E+01
-1.00E-01,1.30E+00,-1.30E+00,-5.05E-06,3.15E+01
-1.50E-01,1.95E+00,-1.95E+00,-7.57E-06,3.16E+01
-2.00E-01,2.60E+00,-2.60E+00,-1.01E-05,3.18E+01
-2.50E-01,3.25E+00,-3.25E+00,-1.26E-05,3.24E+01
-3.00E-01,3.90E+00,-3.90E+00,-1.51E-05,3.26E+01
-3.50E-01,4.55E+00,-4.55E+00,-1.76E-05,3.28E+01
-4.00E-01,5.20E+00,-5.20E+00,-2.02E-05,3.30E+01
-4.50E-01,5.84E+00,-5.84E+00,-2.27E-05,3.32E+01
-5.00E-01,6.49E+00,-6.49E+00,-2.52E-05,3.33E+01
-5.00E-01,6.49E+00,-6.49E+00,-2.52E-05,3.35E+01
-4.50E-01,5.84E+00,-5.84E+00,-2.27E-05,3.37E+01
-4.00E-01,5.20E+00,-5.20E+00,-2.02E-05,3.39E+01
-3.50E-01,4.55E+00,-4.55E+00,-1.76E-05,3.41E+01
-3.00E-01,3.90E+00,-3.90E+00,-1.51E-05,3.43E+01
-2.50E-01,3.25E+00,-3.25E+00,-1.26E-05,3.45E+01
-2.00E-01,2.60E+00,-2.60E+00,-1.01E-05,3.47E+01
-1.50E-01,1.95E+00,-1.95E+00,-7.57E-06,3.50E+01
-1.00E-01,1.30E+00,-1.30E+00,-5.05E-06,3.52E+01
-5.00E-02,6.50E-01,-6.50E-01,-2.52E-06,3.54E+01
0.00E+00,8.08E-06,8.08E-06,3.14E-11,3.67E+01
0.00E+00,5.21E-06,5.21E-06,2.02E-11,3.73E+01
5.00E-02,6.53E-01,6.53E-01,2.53E-06,3.80E+01
1.00E-01,1.30E+00,1.30E+00,5.06E-06,3.82E+01
1.50E-01,1.96E+00,1.96E+00,7.59E-06,3.84E+01
2.00E-01,2.61E+00,2.61E+00,1.01E-05,3.86E+01
2.50E-01,3.26E+00,3.26E+00,1.26E-05,3.92E+01
3.00E-01,3.91E+00,3.91E+00,1.51E-05,3.94E+01
3.50E-01,4.56E+00,4.56E+00,1.77E-05,3.95E+01
4.00E-01,5.21E+00,5.21E+00,2.02E-05,3.97E+01
4.50E-01,5.85E+00,5.85E+00,2.27E-05,3.99E+01
5.00E-01,6.50E+00,6.50E+00,2.52E-05,4.01E+01
5.00E-01,6.50E+00,6.50E+00,2.52E-05,4.03E+01
4.50E-01,5.85E+00,5.85E+00,2.27E-05,4.05E+01
4.00E-01,5.20E+00,5.20E+00,2.02E-05,4.07E+01
3.50E-01,4.55E+00,4.55E+00,1.77E-05,4.09E+01
3.00E-01,3.90E+00,3.90E+00,1.51E-05,4.10E+01
2.50E-01,3.25E+00,3.25E+00,1.26E-05,4.12E+01
2.00E-01,2.60E+00,2.60E+00,1.01E-05,4.14E+01
1.50E-01,1.95E+00,1.95E+00,7.58E-06,4.18E+01
1.00E-01,1.30E+00,1.30E+00,5.06E-06,4.20E+01
5.00E-02,6.53E-01,6.53E-01,2.53E-06,4.22E+01
0.00E+00,3.58E-05,3.58E-05,1.39E-10,4.28E+01
-5.00E-02,6.50E-01,-6.50E-01,-2.52E-06,4.36E+01
-1.00E-01,1.30E+00,-1.30E+00,-5.05E-06,4.37E+01
-1.50E-01,1.95E+00,-1.95E+00,-7.57E-06,4.39E+01
-2.00E-01,2.60E+00,-2.60E+00,-1.01E-05,4.41E+01
-2.50E-01,3.25E+00,-3.25E+00,-1.26E-05,4.47E+01
-3.00E-01,3.90E+00,-3.90E+00,-1.51E-05,4.49E+01
-3.50E-01,4.55E+00,-4.55E+00,-1.76E-05,4.51E+01
-4.00E-01,5.20E+00,-5.20E+00,-2.02E-05,4.53E+01
-4.50E-01,5.84E+00,-5.84E+00,-2.27E-05,4.55E+01
-5.00E-01,6.49E+00,-6.49E+00,-2.52E-05,4.56E+01
-5.00E-01,6.49E+00,-6.49E+00,-2.52E-05,4.58E+01
-4.50E-01,5.84E+00,-5.84E+00,-2.27E-05,4.60E+01
-4.00E-01,5.20E+00,-5.20E+00,-2.02E-05,4.62E+01
-3.50E-01,4.55E+00,-4.55E+00,-1.76E-05,4.64E+01
-3.00E-01,3.90E+00,-3.90E+00,-1.51E-05,4.66E+01
-2.50E-01,3.25E+00,-3.25E+00,-1.26E-05,4.68E+01
-2.00E-01,2.60E+00,-2.60E+00,-1.01E-05,4.70E+01
-1.50E-01,1.95E+00,-1.95E+00,-7.57E-06,4.73E+01
-1.00E-01,1.30E+00,-1.30E+00,-5.05E-06,4.75E+01
-5.00E-02,6.50E-01,-6.50E-01,-2.52E-06,4.77E+01
0.00E+00,2.89E-05,2.89E-05,1.12E-10,4.83E+01
0.00E+00,2.86E-05,2.86E-05,1.11E-10,4.85E+01
5.00E-02,6.53E-01,6.53E-01,2.53E-06,4.93E+01
1.00E-01,1.30E+00,1.30E+00,5.06E-06,4.95E+01
1.50E-01,1.96E+00,1.96E+00,7.59E-06,4.97E+01
2.00E-01,2.61E+00,2.61E+00,1.01E-05,4.98E+01
2.50E-01,3.26E+00,3.26E+00,1.26E-05,5.04E+01
3.00E-01,3.91E+00,3.91E+00,1.51E-05,5.06E+01
3.50E-01,4.56E+00,4.56E+00,1.77E-05,5.08E+01
4.00E-01,5.21E+00,5.21E+00,2.02E-05,5.10E+01
4.50E-01,5.85E+00,5.85E+00,2.27E-05,5.12E+01
5.00E-01,6.50E+00,6.50E+00,2.52E-05,5.14E+01
5.00E-01,6.50E+00,6.50E+00,2.52E-05,5.16E+01
4.50E-01,5.85E+00,5.85E+00,2.27E-05,5.17E+01
4.00E-01,5.20E+00,5.20E+00,2.02E-05,5.19E+01
3.50E-01,4.55E+00,4.55E+00,1.77E-05,5.21E+01
3.00E-01,3.90E+00,3.90E+00,1.51E-05,5.23E+01
2.50E-01,3.25E+00,3.25E+00,1.26E-05,5.25E+01
2.00E-01,2.60E+00,2.60E+00,1.01E-05,5.27E+01
1.50E-01,1.95E+00,1.95E+00,7.58E-06,5.31E+01
1.00E-01,1.30E+00,1.30E+00,5.06E-06,5.33E+01
5.00E-02,6.53E-01,6.53E-01,2.53E-06,5.34E+01
0.00E+00,1.04E-05,1.04E-05,4.03E-11,5.48E+01
-5.00E-02,6.50E-01,-6.50E-01,-2.52E-06,5.55E+01
-1.00E-01,1.30E+00,-1.30E+00,-5.05E-06,5.57E+01
-1.50E-01,1.95E+00,-1.95E+00,-7.57E-06,5.59E+01
-2.00E-01,2.60E+00,-2.60E+00,-1.01E-05,5.61E+01
-2.50E-01,3.25E+00,-3.25E+00,-1.26E-05,5.67E+01
-3.00E-01,3.90E+00,-3.90E+00,-1.51E-05,5.68E+01
-3.50E-01,4.55E+00,-4.55E+00,-1.76E-05,5.70E+01
-4.00E-01,5.20E+00,-5.20E+00,-2.02E-05,5.72E+01
-4.50E-01,5.84E+00,-5.84E+00,-2.27E-05,5.74E+01
-5.00E-01,6.49E+00,-6.49E+00,-2.52E-05,5.76E+01
-5.00E-01,6.49E+00,-6.49E+00,-2.52E-05,5.78E+01
-4.50E-01,5.85E+00,-5.85E+00,-2.27E-05,5.80E+01
-4.00E-01,5.20E+00,-5.20E+00,-2.02E-05,5.82E+01
-3.50E-01,4.55E+00,-4.55E+00,-1.76E-05,5.84E+01
-3.00E-01,3.90E+00,-3.90E+00,-1.51E-05,5.85E+01
-2.50E-01,3.25E+00,-3.25E+00,-1.26E-05,5.87E+01
-2.00E-01,2.60E+00,-2.60E+00,-1.01E-05,5.89E+01
-1.50E-01,1.95E+00,-1.95E+00,-7.57E-06,5.93E+01
-1.00E-01,1.30E+00,-1.30E+00,-5.05E-06,5.95E+01
-5.00E-02,6.51E-01,-6.51E-01,-2.52E-06,5.97E+01
0.00E+00,3.32E-05,3.32E-05,1.29E-10,6.03E+01
0.00E+00,3.10E-05,3.10E-05,1.20E-10,6.05E+01
5.00E-02,6.53E-01,6.53E-01,2.53E-06,6.12E+01
1.00E-01,1.31E+00,1.31E+00,5.06E-06,6.14E+01
1.50E-01,1.96E+00,1.96E+00,7.59E-06,6.16E+01
2.00E-01,2.61E+00,2.61E+00,1.01E-05,6.18E+01
2.50E-01,3.26E+00,3.26E+00,1.26E-05,6.24E+01
3.00E-01,3.91E+00,3.91E+00,1.52E-05,6.26E+01
3.50E-01,4.56E+00,4.56E+00,1.77E-05,6.28E+01
4.00E-01,5.21E+00,5.21E+00,2.02E-05,6.30E+01
4.50E-01,5.85E+00,5.85E+00,2.27E-05,6.31E+01
5.00E-01,6.50E+00,6.50E+00,2.52E-05,6.33E+01
5.00E-01,6.50E+00,6.50E+00,2.52E-05,6.35E+01
4.50E-01,5.85E+00,5.85E+00,2.27E-05,6.37E+01
4.00E-01,5.20E+00,5.20E+00,2.02E-05,6.39E+01
3.50E-01,4.56E+00,4.56E+00,1.77E-05,6.41E+01
3.00E-01,3.90E+00,3.90E+00,1.51E-05,6.43E+01
2.50E-01,3.25E+00,3.25E+00,1.26E-05,6.45E+01
2.00E-01,2.61E+00,2.61E+00,1.01E-05,6.46E+01
1.50E-01,1.96E+00,1.96E+00,7.59E-06,6.50E+01
1.00E-01,1.30E+00,1.30E+00,5.06E-06,6.52E+01
5.00E-02,6.53E-01,6.53E-01,2.53E-06,6.54E+01
0.00E+00,5.85E-06,5.85E-06,2.27E-11,6.67E+01
-5.00E-02,6.50E-01,-6.50E-01,-2.52E-06,6.75E+01
-1.00E-01,1.30E+00,-1.30E+00,-5.05E-06,6.77E+01
-1.50E-01,1.95E+00,-1.95E+00,-7.57E-06,6.79E+01
-2.00E-01,2.60E+00,-2.60E+00,-1.01E-05,6.80E+01
-2.50E-01,3.25E+00,-3.25E+00,-1.26E-05,6.86E+01
-3.00E-01,3.90E+00,-3.90E+00,-1.51E-05,6.88E+01
-3.50E-01,4.55E+00,-4.55E+00,-1.76E-05,6.90E+01
-4.00E-01,5.20E+00,-5.20E+00,-2.02E-05,6.92E+01
-4.50E-01,5.85E+00,-5.85E+00,-2.27E-05,6.94E+01
-5.00E-01,6.49E+00,-6.49E+00,-2.52E-05,6.96E+01
-5.00E-01,6.49E+00,-6.49E+00,-2.52E-05,6.98E+01
-4.50E-01,5.85E+00,-5.85E+00,-2.27E-05,6.99E+01
-4.00E-01,5.20E+00,-5.20E+00,-2.02E-05,7.01E+01
-3.50E-01,4.55E+00,-4.55E+00,-1.77E-05,7.03E+01
-3.00E-01,3.90E+00,-3.90E+00,-1.51E-05,7.05E+01
-2.50E-01,3.25E+00,-3.25E+00,-1.26E-05,7.07E+01
-2.00E-01,2.60E+00,-2.60E+00,-1.01E-05,7.09E+01
-1.50E-01,1.95E+00,-1.95E+00,-7.58E-06,7.13E+01
-1.00E-01,1.30E+00,-1.30E+00,-5.05E-06,7.15E+01
-5.00E-02,6.51E-01,-6.51E-01,-2.52E-06,7.16E+01
0.00E+00,8.21E-06,8.21E-06,3.19E-11,7.30E+01
0.00E+00,5.49E-06,5.49E-06,2.13E-11,7.35E+01
5.00E-02,6.54E-01,6.54E-01,2.53E-06,7.42E+01
1.00E-01,1.31E+00,1.31E+00,5.06E-06,7.44E+01
1.50E-01,1.96E+00,1.96E+00,7.59E-06,7.46E+01
2.00E-01,2.61E+00,2.61E+00,1.01E-05,7.48E+01
2.50E-01,3.26E+00,3.26E+00,1.26E-05,7.54E+01
3.00E-01,3.91E+00,3.91E+00,1.52E-05,7.56E+01
3.50E-01,4.56E+00,4.56E+00,1.77E-05,7.58E+01
4.00E-01,5.21E+00,5.21E+00,2.02E-05,7.59E+01
4.50E-01,5.86E+00,5.86E+00,2.27E-05,7.61E+01
5.00E-01,6.50E+00,6.50E+00,2.52E-05,7.63E+01
5.00E-01,6.50E+00,6.50E+00,2.52E-05,7.65E+01
4.50E-01,5.86E+00,5.86E+00,2.27E-05,7.67E+01
4.00E-01,5.21E+00,5.21E+00,2.02E-05,7.69E+01
3.50E-01,4.56E+00,4.56E+00,1.77E-05,7.71E+01
3.00E-01,3.91E+00,3.91E+00,1.51E-05,7.73E+01
2.50E-01,3.26E+00,3.26E+00,1.26E-05,7.75E+01
2.00E-01,2.61E+00,2.61E+00,1.01E-05,7.76E+01
1.50E-01,1.96E+00,1.96E+00,7.59E-06,7.80E+01
1.00E-01,1.30E+00,1.30E+00,5.06E-06,7.82E+01
5.00E-02,6.53E-01,6.53E-01,2.53E-06,7.84E+01
0.00E+00,4.13E-05,4.13E-05,1.60E-10,7.90E+01
-5.00E-02,6.50E-01,-6.50E-01,-2.52E-06,7.98E+01
-1.00E-01,1.30E+00,-1.30E+00,-5.05E-06,8.00E+01
-1.50E-01,1.95E+00,-1.95E+00,-7.57E-06,8.02E+01
-2.00E-01,2.60E+00,-2.60E+00,-1.01E-05,8.03E+01
-2.50E-01,3.25E+00,-3.25E+00,-1.26E-05,8.09E+01
-3.00E-01,3.90E+00,-3.90E+00,-1.51E-05,8.11E+01
-3.50E-01,4.55E+00,-4.55E+00,-1.76E-05,8.13E+01
-4.00E-01,5.20E+00,-5.20E+00,-2.02E-05,8.15E+01
-4.50E-01,5.85E+00,-5.85E+00,-2.27E-05,8.17E+01
-5.00E-01,6.49E+00,-6.49E+00,-2.52E-05,8.19E+01
-5.00E-01,6.49E+00,-6.49E+00,-2.52E-05,8.20E+01
-4.50E-01,5.85E+00,-5.85E+00,-2.27E-05,8.22E+01
-4.00E-01,5.20E+00,-5.20E+00,-2.02E-05,8.24E+01
-3.50E-01,4.55E+00,-4.55E+00,-1.77E-05,8.26E+01
-3.00E-01,3.90E+00,-3.90E+00,-1.51E-05,8.28E+01
-2.50E-01,3.25E+00,-3.25E+00,-1.26E-05,8.30E+01
-2.00E-01,2.60E+00,-2.60E+00,-1.01E-05,8.32E+01
-1.50E-01,1.95E+00,-1.95E+00,-7.58E-06,8.36E+01
-1.00E-01,1.30E+00,-1.30E+00,-5.05E-06,8.37E+01
-5.00E-02,6.51E-01,-6.51E-01,-2.52E-06,8.39E+01
0.00E+00,3.27E-05,3.27E-05,1.27E-10,8.45E+01
0.00E+00,2.70E-05,2.70E-05,1.05E-10,8.47E+01
5.00E-02,6.53E-01,6.53E-01,2.53E-06,8.55E+01
1.00E-01,1.31E+00,1.31E+00,5.06E-06,8.57E+01
1.50E-01,1.96E+00,1.96E+00,7.59E-06,8.59E+01
2.00E-01,2.61E+00,2.61E+00,1.01E-05,8.61E+01
2.50E-01,3.26E+00,3.26E+00,1.26E-05,8.66E+01
3.00E-01,3.91E+00,3.91E+00,1.52E-05,8.68E+01
3.50E-01,4.56E+00,4.56E+00,1.77E-05,8.70E+01
4.00E-01,5.21E+00,5.21E+00,2.02E-05,8.72E+01
4.50E-01,5.86E+00,5.86E+00,2.27E-05,8.74E+01
5.00E-01,6.50E+00,6.50E+00,2.52E-05,8.76E+01
5.00E-01,6.50E+00,6.50E+00,2.52E-05,8.78E+01
4.50E-01,5.85E+00,5.85E+00,2.27E-05,8.80E+01
4.00E-01,5.21E+00,5.21E+00,2.02E-05,8.81E+01
3.50E-01,4.56E+00,4.56E+00,1.77E-05,8.83E+01
3.00E-01,3.91E+00,3.91E+00,1.51E-05,8.85E+01
2.50E-01,3.25E+00,3.25E+00,1.26E-05,8.87E+01
2.00E-01,2.61E+00,2.61E+00,1.01E-05,8.89E+01
1.50E-01,1.96E+00,1.96E+00,7.58E-06,8.93E+01
1.00E-01,1.30E+00,1.30E+00,5.06E-06,8.95E+01
5.00E-02,6.53E-01,6.53E-01,2.53E-06,8.97E+01
0.00E+00,1.04E-05,1.04E-05,4.03E-11,9.10E+01
-5.00E-02,6.50E-01,-6.50E-01,-2.52E-06,9.17E+01
-1.00E-01,1.30E+00,-1.30E+00,-5.05E-06,9.19E+01
-1.50E-01,1.95E+00,-1.95E+00,-7.57E-06,9.21E+01
-2.00E-01,2.60E+00,-2.60E+00,-1.01E-05,9.23E+01
-2.50E-01,3.25E+00,-3.25E+00,-1.26E-05,9.29E+01
-3.00E-01,3.90E+00,-3.90E+00,-1.51E-05,9.31E+01
-3.50E-01,4.54E+00,-4.54E+00,-1.76E-05,9.33E+01
-4.00E-01,5.19E+00,-5.19E+00,-2.01E-05,9.34E+01
-4.50E-01,5.84E+00,-5.84E+00,-2.26E-05,9.36E+01
-5.00E-01,6.48E+00,-6.48E+00,-2.51E-05,9.38E+01
-5.00E-01,6.48E+00,-6.48E+00,-2.51E-05,9.40E+01
-4.50E-01,5.84E+00,-5.84E+00,-2.26E-05,9.42E+01
-4.00E-01,5.19E+00,-5.19E+00,-2.01E-05,9.44E+01
-3.50E-01,4.54E+00,-4.54E+00,-1.76E-05,9.46E+01
-3.00E-01,3.89E+00,-3.89E+00,-1.51E-05,9.48E+01
-2.50E-01,3.25E+00,-3.25E+00,-1.26E-05,9.50E+01
-2.00E-01,2.60E+00,-2.60E+00,-1.01E-05,9.51E+01
-1.50E-01,1.95E+00,-1.95E+00,-7.56E-06,9.55E+01
-1.00E-01,1.30E+00,-1.30E+00,-5.04E-06,9.57E+01
-5.00E-02,6.49E-01,-6.49E-01,-2.52E-06,9.59E+01
0.00E+00,3.96E-05,3.96E-05,1.54E-10,9.65E+01
0.00E+00,5.74E-06,5.74E-06,2.22E-11,9.74E+01
5.00E-02,6.52E-01,6.52E-01,2.53E-06,9.82E+01
1.00E-01,1.30E+00,1.30E+00,5.05E-06,9.84E+01
1.50E-01,1.95E+00,1.95E+00,7.58E-06,9.85E+01
2.00E-01,2.60E+00,2.60E+00,1.01E-05,9.87E+01
2.50E-01,3.25E+00,3.25E+00,1.26E-05,9.93E+01
3.00E-01,3.90E+00,3.90E+00,1.51E-05,9.95E+01
3.50E-01,4.55E+00,4.55E+00,1.77E-05,9.97E+01
4.00E-01,5.20E+00,5.20E+00,2.02E-05,9.99E+01
4.50E-01,5.85E+00,5.85E+00,2.27E-05,1.00E+02
5.00E-01,6.50E+00,6.50E+00,2.52E-05,1.00E+02
5.00E-01,6.50E+00,6.50E+00,2.52E-05,1.00E+02
4.50E-01,5.85E+00,5.85E+00,2.27E-05,1.01E+02
4.00E-01,5.20E+00,5.20E+00,2.02E-05,1.01E+02
3.50E-01,4.55E+00,4.55E+00,1.76E-05,1.01E+02
3.00E-01,3.90E+00,3.90E+00,1.51E-05,1.01E+02
2.50E-01,3.25E+00,3.25E+00,1.26E-05,1.01E+02
2.00E-01,2.60E+00,2.60E+00,1.01E-05,1.02E+02
1.50E-01,1.95E+00,1.95E+00,7.58E-06,1.02E+02
1.00E-01,1.30E+00,1.30E+00,5.05E-06,1.02E+02
5.00E-02,6.52E-01,6.52E-01,2.53E-06,1.02E+02
0.00E+00,1.01E-05,1.01E-05,3.93E-11,1.04E+02
-5.00E-02,6.50E-01,-6.50E-01,-2.52E-06,1.04E+02
-1.00E-01,1.30E+00,-1.30E+00,-5.04E-06,1.05E+02
-1.50E-01,1.95E+00,-1.95E+00,-7.56E-06,1.05E+02
-2.00E-01,2.60E+00,-2.60E+00,-1.01E-05,1.05E+02
-2.50E-01,3.25E+00,-3.25E+00,-1.26E-05,1.06E+02
-3.00E-01,3.90E+00,-3.90E+00,-1.51E-05,1.06E+02
-3.50E-01,4.55E+00,-4.55E+00,-1.76E-05,1.06E+02
-4.00E-01,5.19E+00,-5.19E+00,-2.01E-05,1.06E+02
-4.50E-01,5.84E+00,-5.84E+00,-2.27E-05,1.06E+02
-5.00E-01,6.49E+00,-6.49E+00,-2.52E-05,1.06E+02
-5.00E-01,6.49E+00,-6.49E+00,-2.52E-05,1.07E+02
-4.50E-01,5.84E+00,-5.84E+00,-2.27E-05,1.07E+02
-4.00E-01,5.20E+00,-5.20E+00,-2.02E-05,1.07E+02
-3.50E-01,4.55E+00,-4.55E+00,-1.76E-05,1.07E+02
-3.00E-01,3.90E+00,-3.90E+00,-1.51E-05,1.07E+02
-2.50E-01,3.25E+00,-3.25E+00,-1.26E-05,1.08E+02
-2.00E-01,2.60E+00,-2.60E+00,-1.01E-05,1.08E+02
-1.50E-01,1.95E+00,-1.95E+00,-7.57E-06,1.08E+02
-1.00E-01,1.30E+00,-1.30E+00,-5.05E-06,1.08E+02
-5.00E-02,6.50E-01,-6.50E-01,-2.52E-06,1.09E+02
0.00E+00,7.65E-06,7.65E-06,2.97E-11,1.10E+02
0.00E+00,5.37E-06,5.37E-06,2.08E-11,1.10E+02
5.00E-02,6.53E-01,6.53E-01,2.53E-06,1.11E+02
1.00E-01,1.30E+00,1.30E+00,5.06E-06,1.11E+02
1.50E-01,1.96E+00,1.96E+00,7.58E-06,1.12E+02
2.00E-01,2.61E+00,2.61E+00,1.01E-05,1.12E+02
2.50E-01,3.25E+00,3.25E+00,1.26E-05,1.12E+02
3.00E-01,3.90E+00,3.90E+00,1.51E-05,1.12E+02
3.50E-01,4.55E+00,4.55E+00,1.77E-05,1.13E+02
4.00E-01,5.20E+00,5.20E+00,2.02E-05,1.13E+02
4.50E-01,5.85E+00,5.85E+00,2.27E-05,1.13E+02
5.00E-01,6.50E+00,6.50E+00,2.52E-05,1.13E+02
5.00E-01,6.50E+00,6.50E+00,2.52E-05,1.13E+02
4.50E-01,5.85E+00,5.85E+00,2.27E-05,1.14E+02
4.00E-01,5.20E+00,5.20E+00,2.02E-05,1.14E+02
3.50E-01,4.55E+00,4.55E+00,1.77E-05,1.14E+02
3.00E-01,3.90E+00,3.90E+00,1.51E-05,1.14E+02
2.50E-01,3.25E+00,3.25E+00,1.26E-05,1.14E+02
2.00E-01,2.60E+00,2.60E+00,1.01E-05,1.15E+02
1.50E-01,1.95E+00,1.95E+00,7.58E-06,1.15E+02
1.00E-01,1.30E+00,1.30E+00,5.06E-06,1.15E+02
5.00E-02,6.53E-01,6.53E-01,2.53E-06,1.15E+02
0.00E+00,4.10E-05,4.10E-05,1.59E-10,1.16E+02
-5.00E-02,6.50E-01,-6.50E-01,-2.52E-06,1.17E+02
-1.00E-01,1.30E+00,-1.30E+00,-5.04E-06,1.17E+02
-1.50E-01,1.95E+00,-1.95E+00,-7.56E-06,1.17E+02
-2.00E-01,2.60E+00,-2.60E+00,-1.01E-05,1.17E+02
-2.50E-01,3.25E+00,-3.25E+00,-1.26E-05,1.18E+02
-3.00E-01,3.90E+00,-3.90E+00,-1.51E-05,1.18E+02
-3.50E-01,4.54E+00,-4.54E+00,-1.76E-05,1.18E+02
-4.00E-01,5.19E+00,-5.19E+00,-2.01E-05,1.18E+02
-4.50E-01,5.84E+00,-5.84E+00,-2.26E-05,1.19E+02
-5.00E-01,6.48E+00,-6.48E+00,-2.51E-05,1.19E+02
-5.00E-01,6.49E+00,-6.49E+00,-2.52E-05,1.19E+02
-4.50E-01,5.84E+00,-5.84E+00,-2.27E-05,1.19E+02
-4.00E-01,5.19E+00,-5.19E+00,-2.01E-05,1.19E+02
-3.50E-01,4.55E+00,-4.55E+00,-1.76E-05,1.20E+02
-3.00E-01,3.90E+00,-3.90E+00,-1.51E-05,1.20E+02
-2.50E-01,3.25E+00,-3.25E+00,-1.26E-05,1.20E+02
-2.00E-01,2.60E+00,-2.60E+00,-1.01E-05,1.20E+02
-1.50E-01,1.95E+00,-1.95E+00,-7.57E-06,1.20E+02
-1.00E-01,1.30E+00,-1.30E+00,-5.05E-06,1.21E+02
-5.00E-02,6.50E-01,-6.50E-01,-2.52E-06,1.21E+02
0.00E+00,3.88E-05,3.88E-05,1.50E-10,1.21E+02
